SRR12625672.10033922	8380019	16	8380134	86M64S	272	8197089	86M64H
SRR12625672.10033979	8196974	16	8197089	86M64S	272	8380134	86M64H
SRR12625672.10092867	10521191	0	10521202	70M80S	2064	46436469	63H22M65H
SRR12625672.10119321	8432692	16	8249716	113M37S	272	8432741	113M37H
SRR12625672.10169534	39108316	16	39108385	87M63S	2048	41161493	37M113H
SRR12625672.10196671	34582522	16	34582542	95M55S	2048	34345509	55M95H
SRR12625672.10227202	6527865	16	6527990	38M112S	272	43136306	38M112H
SRR12625672.10227647	6527865	16	43136306	38M112S	272	6527990	38M112H
SRR12625672.10268016	46042900	16	46042940	94M56S	2048	42708419	56M94H
SRR12625672.10297420	42595629	16	42595679	80M70S	2048	42594757	74M76H
SRR12625672.10308295	10521188	0	10521212	60M90S	2064	15733127	71H22M57H
SRR12625672.10357997	36668705	16	36668739	93M57S	2048	38583404	41M109H
SRR12625672.10403611	10521187	0	10521200	72M78S	2064	39349258	60H22M68H
SRR12625672.10414369	14437590	16	14437675	94M56S	2048	14438429	56M94H
SRR12625672.10421939	10521203	0	10521215	57M93S	2064	15775740	46H22M82H
SRR12625672.10427224	5128438	16	5128487	80M70S	2048	42851282	49M101H
SRR12625672.1046264	33543874	16	33543915	105M45S	2048	42010070	50M100H
SRR12625672.10477537	42708324	0	42709976	108M42S	2064	42708432	42M108H
SRR12625672.10543261	44808060	0	44808787	96M54S	2064	44808144	54M96H
SRR12625672.10547097	38819310	16	38819519	100M50S	2048	29298929	23H27M100H
SRR12625672.10557775	8211726	16	8394825	63M87S	272	8211790	63M87H
SRR12625672.10559636	44510414	16	44510502	113M37S	2048	44425393	37M113H
SRR12625672.10615621	43388291	0	6149861	20S120M10S	272	43388290	10H120M20H
SRR12625672.10672299	8443314	0	8443323	29M121S	2048	23021310	40H22M88H
SRR12625672.10814497	43312464	16	43312468	118M32S	2064	43329388	117H26M7H
SRR12625672.10853923	32062733	16	32062770	102M48S	2048	32132298	48M102H
SRR12625672.10884632	41168273	16	41168383	45M105S	2064	22432206	48H25M77H
SRR12625672.10893797	39108323	16	39108372	87M63S	2048	38802003	64M86H
SRR12625672.10912651	10521204	0	10521216	56M94S	2064	46436469	77H22M51H
SRR12625672.10914202	8443296	0	8443300	2S31M117S	2048	42641230	110H22M18H
SRR12625672.1098173	33170129	0	33173207	94M56S	2064	33170206	56M94H
SRR12625672.10991792	34060654	16	34060727	98M52S	2048	34073482	52M98H
SRR12625672.10993460	43416381	0	43416398	50S92M8S	272	6121772	8H92M50H
SRR12625672.11013568	8445937	0	8218701	111M39S	256	8445971	111M39H
SRR12625672.11120692	8436313	0	8436340	119M31S	256	8253306	119M31H
SRR12625672.11171233	44841950	16	44842029	84M66S	2048	44818343	66M84H
SRR12625672.11307263	43141634	0	43141652	26M124S	256	6533336	26M124H
SRR12625672.11332464	43067025	16	43067104	93M57S	272	6458782	93M57H
SRR12625672.11338694	34129093	16	34129143	81M69S	2048	34073482	69M81H
SRR12625672.11394773	29299402	0	29298883	100M50S	2064	29299503	50M100H
SRR12625672.11406488	43066211	16	6457988	50M100S	272	43066310	50M100H
SRR12625672.11551830	8428610	0	8428467	40M110S	256	8245443	40M110H
SRR12625672.11613206	37338528	0	37366382	99M51S	2064	37338628	53M97H
SRR12625672.11662220	8443300	0	8443285	50M100S	272	42219221	113H25M12H
SRR12625672.11709084	8428467	16	8428577	24M126S	272	8245553	24M126H
SRR12625672.11724868	42707377	0	42708380	94M56S	2064	42707471	56M94H
SRR12625672.11726212	10521179	0	10521215	57M93S	2064	15775740	33H23M94H
SRR12625672.11786700	44510461	16	44510525	80M70S	2048	44509176	71M79H
SRR12625672.11794932	44012546	0	44957806	97M53S	2064	44012635	53M97H
SRR12625672.11799585	44510441	16	44510486	120M30S	2048	44518396	31M119H
SRR12625672.11802142	43388251	16	43388251	17S115M18S	256	6149905	18H115M17H
SRR12625672.11836195	29298832	16	29298845	108M42S	2048	29333824	42M108H
SRR12625672.1187000	6869402	16	13734573	77M73S	272	6869522	77M73H
SRR12625672.11894159	31088504	16	31088546	117M33S	256	36912382	22M128H
SRR12625672.11935427	45542269	16	45542319	107M43S	2048	15142087	23H22M105H
SRR12625672.11966354	29326823	0	29298875	76M74S	2064	29326905	74M76H
SRR12625672.11986217	14437709	272	22272537	57H73M20H	2064	14437790	53M97H
SRR12625672.12028136	10521186	0	10521202	70M80S	2064	41879143	33H22M95H
SRR12625672.12102322	43388299	16	43388299	16S120M14S	256	6149852	14H120M16H
SRR12625672.12103650	8443300	0	8443278	57M93S	2048	39349257	61H22M67H
SRR12625672.12124543	14437601	16	14437662	110M40S	2048	14224132	43M107H
SRR12625672.1213233	46443705	0	46458804	29S89M32S	2064	46443915	33M117H
SRR12625672.12191992	43889882	16	43889934	79M71S	2048	44009662	72M78H
SRR12625672.12300065	42801857	16	42802063	109M41S	2048	42538273	43M107H
SRR12625672.12344633	36747583	16	36747648	117M33S	2048	36753172	34M116H
SRR12625672.12393942	10521206	0	10521203	71M79S	2064	42641226	4H22M124H
SRR12625672.12434000	8443307	0	8443286	49M101S	272	42219221	114H25M11H
SRR12625672.12459710	14437680	16	14437713	109M41S	2064	14584868	108H28M14H
SRR12625672.12478740	33549700	16	33549743	114M36S	2048	33542119	36M114H
SRR12625672.12482731	29317474	16	29317533	91M59S	2048	29298830	41M109H
SRR12625672.12554922	44818252	16	44818299	105M45S	2048	45068691	46M104H
SRR12625672.12604943	10521214	0	10521217	55M95S	2048	39349260	64H23M63H
SRR12625672.12639330	36732837	16	36732871	115M35S	2048	36693852	35M115H
SRR12625672.12657415	42375636	2064	42375702	52M98H	256	35898208	25H36M89H
SRR12625672.12671054	35957183	16	35957346	91M59S	272	22210196	19H50M81H
SRR12625672.12685971	45288792	16	45288815	113M37S	2048	30706317	15H24M111H
SRR12625672.12689400	14954580	16	14954683	109M41S	2048	14437726	42M108H
SRR12625672.12703166	42375658	16	42375737	110M40S	2048	42713944	16H24M110H
SRR12625672.12747007	8245443	16	8245553	24M126S	272	8428577	24M126H
SRR12625672.1277646	8234141	16	8234266	73M77S	272	8461427	73M77H
SRR12625672.12783545	8249667	16	8432741	113M37S	272	8249716	113M37H
SRR12625672.12830214	37073332	16	37073435	97M53S	272	10377768	120H23M7H
SRR12625672.12832385	43107206	16	43107283	45M105S	272	6498961	45M105H
SRR12625672.1290524	37366425	0	37366395	17S84M49S	2048	43733254	114H24M12H
SRR12625672.12941810	36391336	16	36391386	77M73S	256	13249759	88H55M7H
SRR12625672.12991539	41362404	0	41360195	93M57S	2064	41362491	57M93H
SRR12625672.13064087	36578874	0	36693786	104M46S	2064	36578981	47M103H
SRR12625672.13140669	46557513	16	46557522	108M42S	2048	46554506	42M108H
SRR12625672.13150137	8443308	0	8443280	55M95S	2048	15775740	114H23M13H
SRR12625672.13250048	10521195	0	10521218	50M100S	2064	39349260	10H22M118H
SRR12625672.13343420	45292432	16	45292498	66M84S	2048	45439554	61M89H
SRR12625672.13360613	16249076	16	16249167	76M74S	2048	14437639	75M75H
SRR12625672.13372218	44510434	16	44510500	104M46S	2048	44742599	47M103H
SRR12625672.13391842	42364886	16	42364892	112M38S	2048	41420279	31M119H
SRR12625672.1340425	33589969	16	33590006	108M42S	2048	33588679	43M107H
SRR12625672.13419231	34614842	16	34614933	32M118S	2048	22142401	14H26M110H
SRR12625672.13549970	43780211	16	43780389	51M99S	256	39355000	118H26M6H
SRR12625672.13625631	38927535	16	38927629	99M51S	2048	39108316	51M99H
SRR12625672.13649556	46291981	16	46292055	92M58S	2048	46458835	58M92H
SRR12625672.1364975	42890506	16	42890566	60M90S	2048	42891826	50M100H
SRR12625672.13687269	41871498	16	41871591	91M59S	2048	41879065	33H27M90H
SRR12625672.1372161	41310222	0	41309860	111M39S	2064	41310335	39M111H
SRR12625672.13735629	31258082	16	31258115	111M39S	2048	31257287	39M111H
SRR12625672.13748025	8441071	16	8441160	51M99S	272	8258123	45M105H
SRR12625672.13752075	6125492	0	43412651	8S119M23S	272	6125491	23H119M8H
SRR12625672.13819521	45643666	16	45643727	101M49S	2048	45643409	49M101H
SRR12625672.13834301	25710450	16	25710565	61M89S	2048	20998349	37H22M91H
SRR12625672.13860851	10521190	0	10521202	72M78S	2064	15733127	3H22M125H
SRR12625672.13864218	44676529	16	44676581	105M45S	2048	44724038	45M105H
SRR12625672.13925429	33069495	16	33070030	47S68M35S	2048	33069349	36M114H
SRR12625672.1400317	44527976	16	44528036	82M68S	2048	44533787	73M77H
SRR12625672.14012150	43312416	16	43312535	49M101S	2064	44932292	99H23M28H
SRR12625672.1401551	6483813	0	6483852	108M42S	256	43092185	108M42H
SRR12625672.1413654	34582558	16	34582627	84M66S	2048	36989819	67M83H
SRR12625672.14195194	8211726	16	8211790	63M87S	272	8394825	63M87H
SRR12625672.14205724	10521191	0	10521217	57M93S	2064	46436469	70H22M58H
SRR12625672.14243578	41171077	16	41171089	111M39S	2048	41168309	40M110H
SRR12625672.14299190	42375640	16	42375695	76M74S	2048	42363490	74M76H
SRR12625672.14310642	42193122	16	42193150	113M37S	2048	42194024	38M112H
SRR12625672.1431587	25577082	16	25577213	43M107S	272	31502396	23M127H
SRR12625672.14403747	5154693	16	5154742	114M36S	2048	43640961	36M114H
SRR12625672.14430823	6553413	0	6553440	113M37S	256	43161762	113M37H
SRR12625672.14435186	8443300	0	8443295	57M93S	256	42641226	80H23M47H
SRR12625672.14443616	42708385	16	42708385	11S115M24S	2048	30133717	2H22M126H
SRR12625672.14471043	36992963	16	36993015	85M65S	2048	36990193	66M84H
SRR12625672.14546291	29298832	0	29311749	88M62S	2064	29298895	64M86H
SRR12625672.14578037	14437605	16	14437643	82M68S	2048	32196102	69M81H
SRR12625672.14658336	44510421	16	44510500	104M46S	2064	44509752	104H30M16H
SRR12625672.14670054	8443309	0	8443307	26M124S	2048	43733254	83H23M44H
SRR12625672.14688776	39120662	0	39108290	90M60S	2064	39120722	60M90H
SRR12625672.14694557	14438360	16	14438410	106M44S	2048	14437720	45M105H
SRR12625672.14696303	10521193	0	10521202	70M80S	2064	15775740	33H22M95H
SRR12625672.14762583	42375645	16	42375668	103M47S	2048	46437411	47M103H
SRR12625672.14782838	45090565	0	45074731	112M38S	2064	45090683	38M112H
SRR12625672.14901465	39108313	16	39108355	82M68S	2048	39100906	71M79H
SRR12625672.14929701	10521194	0	10521217	57M93S	2064	39349259	73H22M55H
SRR12625672.14944898	14437601	256	25612417	54H49M47H	2064	14437743	48M102H
SRR12625672.14999371	10521209	0	10521215	57M93S	2048	45590985	86H23M41H
SRR12625672.15037377	42826801	16	42826899	51M99S	272	26781070	2H28M120H
SRR12625672.15057565	45287074	0	45287088	73M77S	2064	45590985	26H23M101H
SRR12625672.15090516	44510423	16	44510508	96M54S	2048	44629554	54M96H
SRR12625672.1509591	43312441	16	43312477	105M45S	2048	43313845	46M104H
SRR12625672.15108989	14437706	16	14437782	97M53S	2048	14444522	54M96H
SRR12625672.15178934	34073078	16	34073153	103M47S	2048	34073482	48M102H
SRR12625672.15217135	14388377	16	14388424	85M65S	2048	14437726	65M85H
SRR12625672.15227894	41309905	16	41309946	115M35S	2048	38687887	35M115H
SRR12625672.15229044	46651701	16	46651749	66M84S	2048	13980076	18H64M68H
SRR12625672.15262800	6533333	0	43141631	40M110S	256	6533315	40M110H
SRR12625672.15272337	42789434	16	42789545	37M113S	256	18974333	18H26M106H
SRR12625672.15298182	28254951	16	28255069	79M71S	2064	43344178	103H22M25H
SRR12625672.15314970	14437670	16	14437704	100M50S	2048	13861976	50M100H
SRR12625672.15317925	44723917	16	44723995	89M61S	2048	44719996	62M88H
SRR12625672.15327371	8435297	0	8252297	116M34S	256	8435322	116M34H
SRR12625672.15378821	8237162	16	8237265	54M96S	272	8419668	54M96H
SRR12625672.15379313	42708388	16	42708463	113M37S	2048	42707996	40M110H
SRR12625672.15398794	39108329	16	39108339	108M42S	2048	39144005	42M108H
SRR12625672.15412604	20258495	16	20258523	116M34S	2048	20183417	35M115H
SRR12625672.15413490	34424489	0	7794508	110M40S	256	34424520	110M40H
SRR12625672.1541776	39313898	16	39313976	109M41S	2048	9539142	19H22M109H
SRR12625672.1552846	8196835	16	8196926	67M83S	272	8379971	67M83H
SRR12625672.15582430	36693110	16	36693184	113M37S	2048	36693852	38M112H
SRR12625672.15613814	37979873	16	37979905	112M38S	2048	37978885	39M111H
SRR12625672.15653392	10521211	0	10521215	58M92S	2064	15775740	39H23M88H
SRR12625672.15684289	45456179	16	45456204	116M34S	2048	45407553	22M128H
SRR12625672.15703871	44808684	16	44808724	113M37S	2048	44809991	37M113H
SRR12625672.1576012	8427755	16	8427918	76M74S	272	8244894	76M74H
SRR12625672.15782137	21114842	16	21114924	73M77S	256	33487697	86H41M23H
SRR12625672.15855487	35765757	16	35765869	71M79S	2048	29298890	13H68M69H
SRR12625672.15864231	29298830	16	29298830	8S118M24S	2048	29586537	24M126H
SRR12625672.15938474	29298843	16	29298870	114M36S	2048	31607109	37M113H
SRR12625672.15941744	36683069	0	36693861	77M73S	2064	36683166	73M77H
SRR12625672.16027510	46443003	16	46443055	66M84S	2048	46458857	46H38M66H
SRR12625672.16102183	8245444	0	8245442	41M109S	256	8428466	41M109H
SRR12625672.1614330	36723637	16	36723681	105M45S	2048	36693845	45M105H
SRR12625672.16160165	8249667	16	8249716	113M37S	272	8432741	113M37H
SRR12625672.16281581	6111093	16	43427040	14S119M17S	256	6111104	17H119M14H
SRR12625672.16324644	34876163	0	34869316	80M70S	2064	34876264	72M78H
SRR12625672.1634134	6149833	16	43388290	31S117M2S	256	6149864	2H117M31H
SRR12625672.16398031	8419565	16	8419668	54M96S	272	8237265	54M96H
SRR12625672.16509527	33816360	2064	33816471	49M101H	2048	33823500	77H25M48H
SRR12625672.16587864	9689877	16	9690009	103M47S	2048	9690433	48M102H
SRR12625672.16626014	39108309	16	39108331	116M34S	2048	31826714	34M116H
SRR12625672.16718326	29298827	16	29342473	32S93M25S	2064	29298916	32M118H
SRR12625672.16746346	14437726	16	14437750	119M31S	2048	14682135	32M118H
SRR12625672.16752454	8394761	16	8211790	63M87S	272	8394825	63M87H
SRR12625672.16858463	39108249	16	39108308	87M63S	2048	40153929	44M106H
SRR12625672.1688353	13263002	16	13263077	47M103S	272	39595126	8H30M112H
SRR12625672.16917471	33170129	0	33171186	104M46S	2064	33170240	47M103H
SRR12625672.16944979	45606884	0	44723985	100M50S	2064	45607000	52M98H
SRR12625672.16974734	41953366	0	41864627	101M49S	2064	41953506	49M101H
SRR12625672.1700939	45068799	16	45068853	100M50S	2048	45069221	52M98H
SRR12625672.17032823	14438751	0	14437706	85M65S	2064	14438857	65M85H
SRR12625672.17060805	10521202	0	10521206	66M84S	2048	45644284	111H22M17H
SRR12625672.17068536	14437726	16	14437795	107M43S	2048	14819651	43M107H
SRR12625672.1708315	39109285	16	39109337	112M38S	2048	39108325	38M112H
SRR12625672.17115289	43312456	16	43312492	92M58S	2048	43311793	59M91H
SRR12625672.1715234	10521205	0	10521217	55M95S	2064	39349258	77H22M51H
SRR12625672.17157304	33479290	16	33479388	105M45S	2048	34030162	47M103H
SRR12625672.1727745	44978448	272	44978722	112H35M3H	2048	44299042	66H23M61H
SRR12625672.17284378	17612624	16	17612687	112M38S	2048	33194855	41M109H
SRR12625672.17403342	6574134	16	43181692	34M116S	272	6574230	34M116H
SRR12625672.17429298	14437632	16	14437694	100M50S	2048	15200561	52M98H
SRR12625672.17433911	44822596	16	44822648	84M66S	2048	44818338	66M84H
SRR12625672.1759306	33019875	0	33006146	98M52S	2064	33019991	52M98H
SRR12625672.17642967	42376014	0	42375667	104M46S	2064	42376133	46M104H
SRR12625672.17675269	42685133	16	42685158	95M55S	2048	42688558	59M91H
SRR12625672.17698761	5108379	0	5128495	89M61S	2064	5108444	62M88H
SRR12625672.17727626	13537326	0	14437701	76M74S	2064	13537417	75M75H
SRR12625672.17732918	29298817	16	29298884	112M38S	2048	29301738	38M112H
SRR12625672.17754853	16667538	16	16667582	93M57S	2048	16668139	58M92H
SRR12625672.17758948	8428467	16	8245553	24M126S	272	8428577	24M126H
SRR12625672.17814824	45456223	16	45456280	96M54S	2048	45455813	58M92H
SRR12625672.17822221	14324391	16	14324452	84M66S	2048	14437705	69M81H
SRR12625672.17913685	36693786	16	36693827	110M40S	2048	16549646	40M110H
SRR12625672.17986257	46458145	16	46458184	90M60S	2048	46458835	65M85H
SRR12625672.179888	5154697	16	5154739	120M30S	2048	43976507	33M117H
SRR12625672.18006021	36989836	0	36988586	87M63S	2064	36989893	66M84H
SRR12625672.18041940	37367030	16	37367086	98M52S	2048	37367652	56M94H
SRR12625672.18098685	46667175	256	20566225	17H43M90H	2064	46667297	37M113H
SRR12625672.18099713	34441221	16	7811313	50M100S	272	34441326	50M100H
SRR12625672.18104924	42708424	16	42708531	46M104S	272	24585438	21H23M106H
SRR12625672.18109061	44715842	0	44510523	79M71S	2064	44715894	71M79H
SRR12625672.18187014	14437652	0	14519216	95M55S	2064	14437716	56M94H
SRR12625672.18217835	6869402	16	6869522	77M73S	272	13734573	77M73H
SRR12625672.18228781	8445850	0	8218606	116M34S	256	8445876	116M34H
SRR12625672.18256670	5154712	16	5154845	96M54S	2048	43975637	55M95H
SRR12625672.18280739	10521206	0	10521217	55M95S	2048	43733254	72H24M54H
SRR12625672.1830246	44160257	256	44160544	17H48M85H	272	5101330	85H48M17H
SRR12625672.18314999	11100892	16	11101074	24M126S	272	11112350	24M126H
SRR12625672.18332308	46131009	16	46131051	112M38S	2048	46131920	9H31M110H
SRR12625672.18443733	8440468	0	8257448	117M33S	256	8440489	117M33H
SRR12625672.18464147	29298947	0	29299583	85M65S	2064	29299044	66M84H
SRR12625672.18521748	42708425	16	42708498	101M49S	2064	42711102	101H37M12H
SRR12625672.18542850	42375609	16	42375638	108M42S	2048	42351156	42M108H
SRR12625672.18560028	14438996	16	14439029	94M56S	2048	14437721	56M94H
SRR12625672.18582786	44510555	16	44510631	84M66S	2048	44594138	66M84H
SRR12625672.1860152	44515934	0	44724422	94M56S	2064	44516011	57M93H
SRR12625672.18602574	8441938	0	8258921	86M64S	256	8441956	86M64H
SRR12625672.18668500	43136181	16	43136306	38M112S	272	6527990	38M112H
SRR12625672.18729397	14716029	16	14716060	102M48S	2048	14437726	49M101H
SRR12625672.18731760	10521188	0	10521200	72M78S	2064	42641223	29H23M98H
SRR12625672.18737371	8438965	0	8255946	111M39S	256	8438988	111M39H
SRR12625672.18861020	8380019	16	8197089	86M64S	272	8380134	86M64H
SRR12625672.18967188	39108239	16	39108291	104M46S	2048	39107453	48M102H
SRR12625672.18968193	42255404	0	42708395	89M61S	2064	42255490	61M89H
SRR12625672.19011709	14437645	0	14444241	84M66S	2064	14437697	69M81H
SRR12625672.19079023	8212382	0	8395451	116M34S	256	8212416	116M34H
SRR12625672.19080907	43067025	16	6458782	93M57S	272	43067104	93M57H
SRR12625672.19099710	33251793	16	33251824	100M50S	256	25950559	50H55M45H
SRR12625672.1918738	43979158	16	43979235	44M106S	2064	27598848	43H22M85H
SRR12625672.19211740	29298895	16	29298939	102M48S	2048	29319587	49M101H
SRR12625672.19211952	8432692	16	8432741	113M37S	272	8249716	113M37H
SRR12625672.19272153	44510457	16	44510502	102M48S	2064	44742602	102H28M20H
SRR12625672.19288731	44510494	0	44519385	88M62S	2064	44510557	63M87H
SRR12625672.19292720	29298843	16	29298914	84M66S	2048	29295506	68M82H
SRR12625672.19305479	29298843	16	29298856	115M35S	2048	29294075	35M115H
SRR12625672.1931334	45321496	16	45321626	82M68S	2048	45313220	71M79H
SRR12625672.19328521	36693780	0	36130469	110M40S	2064	36693860	40M110H
SRR12625672.19488235	8582895	16	13153769	73M77S	272	8582949	73M77H
SRR12625672.19494963	8237162	16	8419668	54M96S	272	8237265	54M96H
SRR12625672.19544594	6111096	0	6111104	16S123M11S	272	43427036	11H123M16H
SRR12625672.19578225	17819422	16	17819547	104M46S	2048	13537670	46M104H
SRR12625672.19661730	33541580	16	33541644	87M63S	2048	33542109	4H60M86H
SRR12625672.19683682	42708428	0	42302374	93M57S	2064	42708493	57M93H
SRR12625672.19718569	10521190	0	10521201	71M79S	2064	15775740	30H23M97H
SRR12625672.19727639	33519140	16	33519198	98M52S	2048	33542118	52M98H
SRR12625672.19777858	8443301	0	8443282	53M97S	2048	43733254	125H22M3H
SRR12625672.19786353	14437601	16	14437684	84M66S	256	9859366	44M106H
SRR12625672.19824243	46291980	16	46292055	92M58S	2048	46458835	58M92H
SRR12625672.19834017	16667558	16	16667636	67M83S	256	15952040	14H39M97H
SRR12625672.19922589	8245069	16	8245157	63M87S	272	8428181	63M87H
SRR12625672.19936912	43971120	16	43971199	109M41S	2048	43969545	42M108H
SRR12625672.19983081	42375667	16	42375676	110M40S	2048	42547654	41M109H
SRR12625672.20021453	36693741	16	36693791	99M51S	2048	36691985	51M99H
SRR12625672.20024529	44810350	0	44808778	86M64S	2064	44810476	64M86H
SRR12625672.20031692	45075057	16	45075144	82M68S	2048	45078863	72M78H
SRR12625672.2004927	34614806	16	34614899	112M38S	2048	34613649	38M112H
SRR12625672.2011705	14572788	16	14572827	88M62S	2048	14437722	62M88H
SRR12625672.20150369	44339169	16	44339200	94M56S	2048	44378816	56M94H
SRR12625672.20231514	42707932	16	42707994	85M65S	2048	42708409	66M84H
SRR12625672.20231780	42375642	16	42375711	105M45S	2048	42381537	46M104H
SRR12625672.20249038	17819429	16	17819556	101M49S	2048	17819165	5H47M98H
SRR12625672.20288617	45527168	0	45525909	90M60S	2064	45527302	60M90H
SRR12625672.2032376	42708398	0	42708324	25M125S	2064	44505564	24H22M104H
SRR12625672.20325685	45287510	0	45287339	30M120S	2048	36113661	71H22M57H
SRR12625672.20352998	42011299	16	42011402	102M48S	2048	42010076	48M102H
SRR12625672.2036040	14437645	16	14437650	119M31S	2048	14438938	33M117H
SRR12625672.20397943	8395455	0	8212453	114M36S	256	8395488	114M36H
SRR12625672.20411416	34614780	0	34615431	18S88M44S	2064	34615030	44M106H
SRR12625672.20436077	29633177	16	29633249	81M69S	2048	29298878	70M80H
SRR12625672.2045584	45001567	0	45001486	25M125S	2064	44505564	22M128H
SRR12625672.20485803	17819421	16	17819528	110M40S	2048	17819116	41M109H
SRR12625672.2052290	41835953	0	41835941	15S23M112S	2064	17072408	32H22M96H
SRR12625672.20556003	42376492	16	42376558	102M48S	2048	42375667	48M102H
SRR12625672.20595401	44724145	0	44510516	88M62S	2064	44724208	62M88H
SRR12625672.20637849	14437636	16	14437687	104M46S	2048	15291490	46M104H
SRR12625672.20649374	34614715	16	34614795	87M63S	2048	34600696	63M87H
SRR12625672.20743976	45287059	0	45287077	66M84S	2048	44299042	78H23M49H
SRR12625672.20816469	6458703	16	43067104	93M57S	272	6458782	93M57H
SRR12625672.20850022	8443301	0	8443285	50M100S	272	42219221	113H25M12H
SRR12625672.20898791	10521213	0	10521215	59M91S	2064	39349263	25M125H
SRR12625672.20923129	6819997	16	13685104	53M97S	272	6820071	53M97H
SRR12625672.20964774	45531605	16	45531612	115M35S	2048	45532139	35M115H
SRR12625672.20965416	41839534	0	42001312	86M64S	2064	41839586	69M81H
SRR12625672.20975817	42263840	16	42263881	99M51S	2048	42147112	52M98H
SRR12625672.21009264	9325096	256	11114671	77H26M47H	2064	9325293	24M126H
SRR12625672.21027568	43312412	16	43312446	117M33S	2048	43311581	33M117H
SRR12625672.21047277	10521198	0	10521202	57M93S	2048	44299042	82H22M46H
SRR12625672.21105763	5154701	16	5154768	89M61S	2048	5142866	63M87H
SRR12625672.21191863	45287212	0	45287212	43M107S	2048	46436469	125H22M3H
SRR12625672.21263331	10101315	16	10101439	64M86S	2048	10102808	29M121H
SRR12625672.21289866	46180485	16	46180642	103M47S	2048	46182682	48M102H
SRR12625672.2133850	10521192	0	10521202	70M80S	2064	46436469	63H22M65H
SRR12625672.21343922	46254364	16	46254419	99M51S	2048	46458861	51M99H
SRR12625672.21371675	42789448	16	42789516	112M38S	2048	42788413	40M110H
SRR12625672.21419931	41932893	0	42010064	84M66S	2048	41932834	81H54M15H
SRR12625672.21429566	45439543	16	45439668	110M40S	2048	45292660	40M110H
SRR12625672.21494828	14436308	16	14436356	86M64S	2048	14437701	64M86H
SRR12625672.2151735	45287363	0	45287387	30M120S	2064	34336401	99H22M29H
SRR12625672.21565583	8218671	0	8445971	109M41S	256	8218701	109M41H
SRR12625672.21577720	41309847	2064	41310026	24M126H	2064	10716904	124H22M4H
SRR12625672.21595390	46233210	16	46233224	105M45S	2048	46232582	47M103H
SRR12625672.21603441	43280521	272	43280835	121H24M5H	2048	23021310	56H22M72H
SRR12625672.21685966	8234141	16	8461427	73M77S	272	8234266	73M77H
SRR12625672.21708619	10521190	0	10521207	65M85S	2064	15733127	63H22M65H
SRR12625672.21851350	8253631	0	8436692	116M34S	256	8253658	116M34H
SRR12625672.21883319	42789452	16	42789490	84M66S	2064	13613981	76H22M52H
SRR12625672.21941178	10521193	0	10521199	73M77S	2064	46436469	60H22M68H
SRR12625672.22034952	8213694	0	8396771	110M40S	256	8213733	110M40H
SRR12625672.22107566	8588987	16	8589058	54M96S	272	10621775	54M96H
SRR12625672.22185697	44887757	0	44888968	96M54S	2064	44887844	57M93H
SRR12625672.22194031	8228793	0	8455950	120M30S	256	8228810	120M30H
SRR12625672.22196528	29298811	16	29298870	113M37S	2048	29321075	37M113H
SRR12625672.22214639	14437591	0	15734119	96M54S	2064	14437730	54M96H
SRR12625672.2223981	39372951	16	39373042	88M62S	2048	39313903	63M87H
SRR12625672.22409133	8394761	16	8394825	63M87S	272	8211790	63M87H
SRR12625672.22410362	44856918	16	44856997	88M62S	2048	44873475	65M85H
SRR12625672.22444803	32362544	16	32362638	35M115S	2064	43344178	76H22M52H
SRR12625672.22489947	42708411	16	42708438	120M30S	2048	42708004	32M118H
SRR12625672.22506756	44513441	16	44513464	115M35S	2048	44513023	35M115H
SRR12625672.22536753	14437648	16	14437748	87M63S	2048	14438984	64M86H
SRR12625672.22621722	14437664	16	14437700	113M37S	2048	14715180	40M110H
SRR12625672.22650070	41486137	0	38583360	107M43S	2064	41486213	43M107H
SRR12625672.22678997	39374840	16	39374952	55M95S	272	26868388	8H41M101H
SRR12625672.22687951	42463381	16	42463460	66M84S	2048	42679096	25M125H
SRR12625672.22696273	43862965	16	43863035	18S79M53S	2064	43864561	97H32M21H
SRR12625672.2274668	8442214	0	8214984	108M42S	256	8442248	108M42H
SRR12625672.22805172	42789413	16	42789439	108M42S	2048	42545857	42M108H
SRR12625672.22825911	10521208	0	10521215	59M91S	2064	15775740	53H23M74H
SRR12625672.22914149	6371150	0	6371063	84M66S	272	41844412	63H42M45H
SRR12625672.22965394	36774376	16	36774521	114M36S	2048	36693853	39M111H
SRR12625672.2299072	14437726	16	14437779	86M64S	2048	14432642	64M86H
SRR12625672.22996797	46180084	16	46180150	96M54S	2048	46182672	54M96H
SRR12625672.23046840	8443301	0	8443282	53M97S	2048	44299042	79H23M48H
SRR12625672.23055281	36430850	16	36430986	84M66S	2064	36385367	83H63M4H
SRR12625672.23061919	8441938	0	8441956	92M58S	256	8258921	92M58H
SRR12625672.2309292	16667568	16	16667578	114M36S	2048	16666691	37M113H
SRR12625672.23174209	42193125	16	42193229	36M114S	256	45389155	112H22M16H
SRR12625672.23257821	33170072	16	33170183	107M43S	2048	33168880	44M106H
SRR12625672.2332448	46286215	16	46286261	80M70S	2048	46285833	70M80H
SRR12625672.23368035	14437648	16	14437700	94M56S	2048	14436772	56M94H
SRR12625672.23373172	45320740	16	45320781	103M47S	2048	45406762	47M103H
SRR12625672.23379958	44800510	16	44800580	72M78S	2064	44798605	72H22M56H
SRR12625672.23451785	44934659	16	44934716	104M46S	2048	44874101	46M104H
SRR12625672.23596267	43141173	0	43141166	35M115S	256	6532850	35M115H
SRR12625672.23690959	13708477	16	6843556	23M127S	272	13708579	23M127H
SRR12625672.23691350	43312374	16	43312427	102M48S	2048	43311120	49M101H
SRR12625672.23696279	43427036	16	43427036	11S123M16S	256	6111104	16H123M11H
SRR12625672.23714233	26171268	16	26171337	79M71S	2048	26170816	16H57M77H
SRR12625672.23730179	14437715	2048	14437671	25M125H	2064	44505561	55H25M70H
SRR12625672.23730888	14437715	0	14437671	26M124S	2064	44505560	53H26M71H
SRR12625672.23731198	44874129	0	44874119	27M123S	2064	44299038	37H22M91H
SRR12625672.23731230	45001675	0	45001668	25M125S	272	44505560	68H24M58H
SRR12625672.2373555	6843454	16	13708579	23M127S	272	6843556	23M127H
SRR12625672.23741758	38583251	272	38967613	54H41M55H	2064	38583410	34M116H
SRR12625672.2376572	42491954	16	42491997	91M59S	2048	42010073	59M91H
SRR12625672.23783657	42708425	16	42708461	104M46S	2048	42866205	46M104H
SRR12625672.23909613	42088040	0	42010080	101M49S	2064	42088136	51M99H
SRR12625672.23984797	8400257	0	8444424	64M86S	256	8400189	64M86H
SRR12625672.23994596	37072588	16	37080172	30S31M89S	2064	37072695	30M120H
SRR12625672.24084581	41839492	16	41839559	115M35S	2048	41847126	22M128H
SRR12625672.24136245	8443301	0	8443279	56M94S	2048	15775741	112H22M16H
SRR12625672.24152521	6449251	0	43057600	113M37S	256	6449278	113M37H
SRR12625672.2440979	36329951	16	36330029	84M66S	2048	36320729	66M84H
SRR12625672.2447504	43312462	16	43312513	117M33S	2048	43313316	35M115H
SRR12625672.24479339	10521196	0	10521210	62M88S	2064	15733127	68H22M60H
SRR12625672.2453218	34614914	16	34614969	92M58S	2048	34615498	43M107H
SRR12625672.24534219	34614915	16	34614945	107M43S	2048	34617741	43M107H
SRR12625672.24597775	39108312	16	39108395	107M43S	2048	39110773	47M103H
SRR12625672.24611519	46183602	0	46182655	74M76S	272	46183502	12H64M74H
SRR12625672.24622140	8396683	0	8396694	16S120M14S	256	8213656	16H120M14H
SRR12625672.24644390	10521187	0	10521208	64M86S	2048	39312953	102H22M26H
SRR12625672.24660403	36696997	16	36697024	110M40S	2048	36693864	40M110H
SRR12625672.24745742	44510460	16	44510484	120M30S	2048	44817519	31M119H
SRR12625672.24787535	42460264	0	43312425	97M53S	2064	42460360	55M95H
SRR12625672.24792378	42653758	0	42653688	25M125S	2048	15733127	25H22M103H
SRR12625672.24821896	31663991	0	31660011	95M55S	2064	31664081	56M94H
SRR12625672.24997489	43388299	0	6149852	14S120M16S	272	43388299	16H120M14H
SRR12625672.25034145	6111090	16	43427037	5S122M23S	256	6111104	23H122M5H
SRR12625672.25088929	14056262	16	14056295	109M41S	2048	14690148	41M109H
SRR12625672.25182234	39110421	0	39108329	77M73S	2064	39110505	74M76H
SRR12625672.25375689	8443300	0	8443305	30M120S	2048	42641230	105H22M23H
SRR12625672.25408832	29298885	0	25404730	76M74S	2064	29298946	74M76H
SRR12625672.25414365	34582598	0	34581266	91M59S	2064	34582703	43M107H
SRR12625672.25488635	8196835	16	8379971	67M83S	272	8196926	67M83H
SRR12625672.25591542	14437693	0	15445069	90M60S	2064	14437756	60M90H
SRR12625672.25652755	39108312	16	39108384	104M46S	2048	28882833	46M104H
SRR12625672.25726790	8443304	0	8443312	23M127S	2048	46436469	32H22M96H
SRR12625672.2587057	34614959	0	36263621	77M73S	2064	34615050	62M88H
SRR12625672.25908208	38580894	16	38580929	110M40S	2048	38583390	40M110H
SRR12625672.25956938	29298854	0	42254503	97M53S	2064	29298966	54M96H
SRR12625672.25985694	7811208	16	34441326	50M100S	272	7811313	50M100H
SRR12625672.26024068	8197347	16	8380508	53M97S	272	8197463	53M97H
SRR12625672.26150654	10521197	0	10521191	83M67S	2048	15775740	96H23M31H
SRR12625672.26205308	10415051	16	10415116	65M85S	272	39666540	20H46M84H
SRR12625672.26232405	43069387	16	43069459	78M72S	272	6461136	78M72H
SRR12625672.26330390	42375562	16	42375623	95M55S	2064	42376890	92H45M13H
SRR12625672.26332394	10521191	0	10521203	69M81S	2048	39349258	76H22M52H
SRR12625672.26409588	14056211	16	14056304	84M66S	2048	17563167	66M84H
SRR12625672.26480518	36385353	16	36385431	94M56S	2048	36156386	57M93H
SRR12625672.26532449	6110999	16	6111083	92S54M4S	256	43427126	4H54M92H
SRR12625672.26596714	43388299	16	43388299	21S116M13S	256	6149856	13H116M21H
SRR12625672.26691603	8443307	0	8443290	62M88S	2048	44299042	59H23M68H
SRR12625672.26697634	46182677	16	46182768	93M57S	2048	46323854	16H41M93H
SRR12625672.26715414	29344243	16	29298843	36S103M11S	2064	29344359	37M113H
SRR12625672.26762544	10521211	0	10521217	55M95S	2048	15733127	63H22M65H
SRR12625672.26784738	29298983	16	29299111	76S56M18S	2048	46436467	78H22M50H
SRR12625672.26787744	21777857	16	21778064	42M108S	272	19783963	18H24M108H
SRR12625672.26792456	41309919	0	46280211	116M34S	2064	41310061	34M116H
SRR12625672.26808507	44808694	0	44742568	117M33S	2064	44808809	34M116H
SRR12625672.26811695	46215495	0	46215327	65M85S	2048	46436469	78H22M50H
SRR12625672.26817052	46424737	0	46424653	52M98S	2048	15733127	112H22M16H
SRR12625672.26829893	8245444	0	8245444	54M96S	256	8428468	54M96H
SRR12625672.2685131	33766164	16	33766210	88M62S	2048	36157441	63M87H
SRR12625672.26898997	38991811	2064	38991923	40M110H	2064	38997008	40H31M79H
SRR12625672.26995421	10521186	0	10521201	75M75S	2048	39349261	80H22M48H
SRR12625672.27089555	39108282	16	39108324	95M55S	2048	39108969	56M94H
SRR12625672.27105310	10521181	0	10521202	70M80S	2048	39349258	78H22M50H
SRR12625672.27106139	42789409	16	42789430	116M34S	2048	41691750	36M114H
SRR12625672.27120123	44510455	16	44510502	119M31S	2048	44794052	34M116H
SRR12625672.27383280	10521192	0	10521194	78M72S	2048	15775740	98H22M30H
SRR12625672.27449999	39108317	16	39108410	70M80S	2064	39109477	68H64M18H
SRR12625672.27495613	32612661	16	32612778	80M70S	2048	29734953	73M77H
SRR12625672.27728739	46458320	16	46458432	98M52S	2048	46458862	54M96H
SRR12625672.27776446	29298842	16	29298870	113M37S	2048	29694914	37M113H
SRR12625672.27875718	42789413	16	42789461	95M55S	2048	42788818	35M115H
SRR12625672.28065341	43949900	16	43950026	91M59S	2048	5128493	7H52M91H
SRR12625672.2808673	44970831	0	44970814	47M103S	2064	34887234	62H22M66H
SRR12625672.2817976	8441836	16	8441907	111M39S	272	8258872	111M39H
SRR12625672.2824776	10521189	0	10521179	80M70S	2048	15775741	110H22M18H
SRR12625672.28403362	44723934	0	45547700	111M39S	2064	44724044	40M110H
SRR12625672.28412145	8443263	0	8443276	59M91S	2064	39349257	68H22M60H
SRR12625672.28491089	14437648	16	14437696	95M55S	2048	14435609	55M95H
SRR12625672.28498421	10521190	0	10521205	67M83S	2064	15733127	64H22M64H
SRR12625672.28515044	41420275	0	41418766	95M55S	2064	41420384	56M94H
SRR12625672.28554698	42708372	16	42708418	116M34S	2048	43728585	34M116H
SRR12625672.286150	8443308	0	8443285	50M100S	272	42219221	113H25M12H
SRR12625672.28669964	14437658	0	10397108	119M31S	2064	14437752	32M118H
SRR12625672.28704708	44723933	0	45587133	89M61S	2064	44724022	62M88H
SRR12625672.28709353	14437655	16	14437855	59M91S	272	36218393	118H23M9H
SRR12625672.28765587	33360883	0	33070033	79M71S	2064	33360927	74M76H
SRR12625672.28799006	10591825	16	10591941	45M105S	256	30940528	105H31M14H
SRR12625672.28835169	44873992	16	44874077	92M58S	2048	44801846	58M92H
SRR12625672.28871598	43713589	16	43713629	108M42S	2048	46182666	42M108H
SRR12625672.28908727	38223645	0	14437726	78M72S	2064	38223691	72M78H
SRR12625672.28947432	29331029	0	29298843	115M35S	2064	29331116	35M115H
SRR12625672.28982990	10521206	0	10521202	70M80S	2064	46436469	63H22M65H
SRR12625672.28985393	6111096	16	43427036	11S123M16S	256	6111104	16H123M11H
SRR12625672.28995237	39108225	16	39108267	109M41S	2048	38472259	41M109H
SRR12625672.29040808	44510473	0	44508069	113M37S	2064	44510567	37M113H
SRR12625672.29075751	36990155	16	36990182	110M40S	2048	36990603	43M107H
SRR12625672.29104060	32222352	16	32222461	54M96S	272	14781581	31M119H
SRR12625672.29116834	32611429	16	32611541	104M46S	2048	32612066	46M104H
SRR12625672.29128219	36698212	0	36693852	94M56S	2064	36698314	56M94H
SRR12625672.29140391	41839490	16	41839516	101M49S	256	31458208	17H28M105H
SRR12625672.29198571	41420275	16	41420319	100M50S	2048	41420630	50M100H
SRR12625672.29226732	8213806	16	8213921	43M107S	272	8396959	43M107H
SRR12625672.29234814	42803830	16	42803859	114M36S	2048	42789512	36M114H
SRR12625672.29248922	29298843	16	29298873	111M39S	2048	29300050	39M111H
SRR12625672.2934431	6121735	0	43416398	50S84M16S	272	6121780	16H84M50H
SRR12625672.29394172	8245443	16	8428577	24M126S	272	8245553	24M126H
SRR12625672.29420669	8443308	0	8443278	57M93S	2048	15733127	82H22M46H
SRR12625672.29528503	6111093	0	6111104	17S119M14S	272	43427040	14H119M17H
SRR12625672.29538979	42708344	16	42708432	52M98S	2048	36868191	5H28M117H
SRR12625672.29643808	14437572	16	14437712	81M69S	2064	36048114	92H23M35H
SRR12625672.29654627	46447830	16	46458785	49S85M16S	2064	46447927	49M101H
SRR12625672.29679952	44994907	16	44994970	97M53S	2048	44949905	54M96H
SRR12625672.29700554	44718748	0	44719254	113M37S	2064	44718875	38M112H
SRR12625672.29702619	8443300	0	8443279	56M94S	2048	39349258	60H22M68H
SRR12625672.29763188	10521208	0	10521210	62M88S	2064	39349258	70H22M58H
SRR12625672.29777608	31795371	16	31795377	118M32S	2048	31792931	34M116H
SRR12625672.29801388	35606577	16	35606621	76M74S	2048	35598865	75M75H
SRR12625672.29844880	27577038	16	27577074	94M56S	272	32225132	94M56H
SRR12625672.29930213	41835789	16	41835865	99M51S	2048	41839576	42M108H
SRR12625672.29940708	29298820	16	29298875	108M42S	2048	29300416	42M108H
SRR12625672.29961285	43427036	0	6111104	16S123M11S	272	43427036	11H123M16H
SRR12625672.29976845	6450873	16	6450941	58M92S	272	43059263	58M92H
SRR12625672.30009690	14273375	16	14273413	85M65S	2048	14437726	65M85H
SRR12625672.30092503	43826476	16	43826585	78M72S	2048	43826059	72M78H
SRR12625672.30121658	46297832	0	46305084	97M53S	2064	46297929	53M97H
SRR12625672.30207339	46636236	16	46636268	99M51S	2048	46637365	16H35M99H
SRR12625672.30220000	8258916	0	8441966	68M82S	256	8258931	68M82H
SRR12625672.30224411	14437655	0	15056078	92M58S	2064	14437777	58M92H
SRR12625672.30252331	7794496	16	34424584	58M92S	272	7794572	58M92H
SRR12625672.30260864	10521204	0	10521200	72M78S	2048	43733254	86H24M40H
SRR12625672.30285297	8588987	16	10621775	54M96S	272	8589058	54M96H
SRR12625672.30320415	8442219	0	8214988	113M37S	256	8442252	113M37H
SRR12625672.30321445	10521187	0	10521192	80M70S	2048	15775740	98H23M29H
SRR12625672.30524409	45765424	16	45765458	80M70S	2048	45763648	70M80H
SRR12625672.30535503	9086668	2064	9086914	30M120H	272	45772963	91H26M33H
SRR12625672.30554033	14056208	16	14056213	120M30S	2048	33300505	31M119H
SRR12625672.30574161	45439630	0	45348633	113M37S	2064	45439740	39M111H
SRR12625672.30575815	10521185	0	10521212	60M90S	2064	15775740	35H23M92H
SRR12625672.30593215	8245774	16	8245831	102M48S	272	8428855	102M48H
SRR12625672.30715330	14276103	16	14276114	120M30S	2048	29298926	30M120H
SRR12625672.3075624	8239105	0	8466720	119M31S	256	8239113	119M31H
SRR12625672.30772069	6819997	16	6820071	53M97S	272	13685104	53M97H
SRR12625672.30888835	44029934	16	44030073	48M102S	2064	44012383	47H25M78H
SRR12625672.31029333	10521207	0	10521218	54M96S	2048	15775740	67H23M60H
SRR12625672.31050677	32867950	16	32868011	62M88S	2048	42434053	29M121H
SRR12625672.31071119	41839517	2064	41839589	55M95H	256	33633582	22H43M85H
SRR12625672.31097905	17819430	16	17819513	109M41S	2048	41142154	23M127H
SRR12625672.31276895	44994900	16	44995005	50M100S	2064	25675005	119H23M8H
SRR12625672.31297947	8443301	0	8443286	49M101S	272	42219221	114H25M11H
SRR12625672.31388825	6369786	16	6369854	97M53S	2048	29357180	54M96H
SRR12625672.31428878	45439633	0	45155083	85M65S	2064	45439702	65M85H
SRR12625672.31562201	46636075	0	46636079	20S75M55S	2048	46347560	22M128H
SRR12625672.3158994	8428470	0	8428464	43M107S	256	8245440	43M107H
SRR12625672.31618087	43056159	0	6447867	111M39S	256	43056189	111M39H
SRR12625672.31718829	6843454	16	6843556	23M127S	272	13708579	23M127H
SRR12625672.3174045	8428461	0	8428465	42M108S	256	8245441	42M108H
SRR12625672.31762815	14442732	16	14442759	112M38S	2048	14437598	40M110H
SRR12625672.31907849	10521204	0	10521197	75M75S	2064	42641226	26H23M101H
SRR12625672.31936125	10521203	0	10521216	56M94S	2048	15775740	78H23M49H
SRR12625672.31944276	45988469	16	45988512	116M34S	2048	45988981	25M125H
SRR12625672.319561	44002733	16	44002768	92M58S	2064	44017175	91H41M18H
SRR12625672.31991139	44810845	16	44810883	91M59S	2048	44818344	59M91H
SRR12625672.32002752	10521191	0	10521219	53M97S	2064	46436469	80H22M48H
SRR12625672.3211508	44510491	16	44510590	106M44S	2048	44911806	44M106H
SRR12625672.32135735	14437597	16	14437668	91M59S	2064	14438165	91H34M25H
SRR12625672.32143407	44510457	16	44510512	94M56S	2064	44509752	94H41M15H
SRR12625672.32188063	45972067	16	45972119	78M72S	2048	44808789	72M78H
SRR12625672.32255929	10521188	0	10521202	70M80S	2048	41726363	111H22M17H
SRR12625672.32272126	8443264	0	8443286	49M101S	272	42219221	114H25M11H
SRR12625672.32345012	34424510	0	34424523	115M35S	256	7794511	115M35H
SRR12625672.32423611	31659970	16	31659601	49S96M5S	2064	31660058	51M99H
SRR12625672.32495576	44510450	16	44510489	115M35S	2048	44654314	35M115H
SRR12625672.32705601	16667513	0	16653731	109M41S	2064	16667608	42M108H
SRR12625672.32736342	46118640	16	46118719	67M83S	256	33690706	49H35M66H
SRR12625672.32862108	8258894	0	8258936	97M53S	256	8441971	97M53H
SRR12625672.32995476	10521198	0	10521217	55M95S	2048	39349257	64H22M64H
SRR12625672.33021239	8582895	16	8582949	73M77S	272	13153769	73M77H
SRR12625672.33062299	42566956	16	42567009	96M54S	2048	42568200	54M96H
SRR12625672.33089715	43849996	16	43850069	78M72S	2048	43810921	72M78H
SRR12625672.33097163	32758037	16	32758055	103M47S	2048	39313209	48M102H
SRR12625672.33106835	17819430	16	17819475	104M46S	2048	15926273	46M104H
SRR12625672.33232417	7794496	16	7794572	58M92S	272	34424584	58M92H
SRR12625672.3324499	8234443	16	8234501	86M64S	272	8416921	17H69M64H
SRR12625672.33269453	44456702	16	44456743	109M41S	2048	44452503	42M108H
SRR12625672.33280211	8419565	16	8237265	54M96S	272	8419668	54M96H
SRR12625672.3335127	10521250	0	10521236	54M96S	2064	44299042	16H22M112H
SRR12625672.33474329	34582559	16	34582625	87M63S	2048	34656374	63M87H
SRR12625672.33489293	36077118	16	36077182	111M39S	2048	36069955	39M111H
SRR12625672.33509973	6125509	16	6125563	95M55S	2048	43426717	55M95H
SRR12625672.33569442	8443297	0	8443306	25M125S	2048	15775740	85H23M42H
SRR12625672.33578338	8257427	0	8440494	117M33S	256	8257453	117M33H
SRR12625672.3360047	36693737	16	36693778	109M41S	2048	36690821	41M109H
SRR12625672.33613761	10521191	0	10521195	77M73S	2064	42974735	4H22M124H
SRR12625672.33881702	8443302	0	8443285	50M100S	272	42219221	113H25M12H
SRR12625672.33889905	10521192	0	10521217	55M95S	2064	46436469	78H22M50H
SRR12625672.33906317	42801888	16	42801968	83M67S	2048	42799906	68M82H
SRR12625672.34041566	8443309	0	8443309	26M124S	2048	43733254	94H22M34H
SRR12625672.34184856	14437613	0	14437282	94M56S	2064	14437711	57M93H
SRR12625672.34204476	46182561	16	46182599	107M43S	2064	46183073	107H23M20H
SRR12625672.3440504	29298807	16	29298887	119M31S	2048	29760794	33M117H
SRR12625672.34415321	25373661	0	25373527	49M101S	2064	43733254	38H24M88H
SRR12625672.3443485	27058123	16	27058198	56M94S	272	28029154	10H36M104H
SRR12625672.34501796	45074715	16	45074776	106M44S	2064	26494700	119H22M9H
SRR12625672.34576076	10521287	0	10521232	58M92S	2064	44299042	11H22M117H
SRR12625672.34585874	8379880	16	8379971	67M83S	272	8196926	67M83H
SRR12625672.34801442	43987411	16	43987458	108M42S	2048	36069955	42M108H
SRR12625672.34802555	42342175	0	44510541	77M73S	2064	42342266	74M76H
SRR12625672.34808163	29328023	16	29328102	84M66S	2048	29298885	66M84H
SRR12625672.34926349	10521207	0	10521200	72M78S	2048	46436469	85H22M43H
SRR12625672.34999006	14437694	16	14437723	111M39S	2048	14438252	39M111H
SRR12625672.35016493	38493839	0	38498792	116M34S	2064	38493974	36M114H
SRR12625672.35046020	43059195	16	43059263	58M92S	272	6450941	58M92H
SRR12625672.35148128	39108337	16	39108398	71M79S	256	9302556	45H34M71H
SRR12625672.35324977	43092143	16	43092259	40M110S	272	6483926	40M110H
SRR12625672.35326340	8388558	0	8205540	117M33S	256	8388587	117M33H
SRR12625672.35443538	42375608	16	42375716	38M112S	272	40425629	90H24M36H
SRR12625672.35485782	10521204	0	10521217	55M95S	2048	42641226	101H22M27H
SRR12625672.35736065	14437726	16	14437761	113M37S	2048	14893674	38M112H
SRR12625672.35818972	10521201	0	10521208	66M84S	2064	30322405	29H22M99H
SRR12625672.35913441	10521173	0	10521189	83M67S	2048	39349257	88H22M40H
SRR12625672.35918308	14437678	16	14437726	102M48S	256	22529791	24M126H
SRR12625672.3594397	6830024	0	13695077	115M35S	256	6830051	115M35H
SRR12625672.35945380	8400260	0	8400205	48M102S	256	8444440	48M102H
SRR12625672.35990178	33027795	0	33363844	80M70S	2064	33027894	70M80H
SRR12625672.36067589	36698389	0	36469208	100M50S	2064	36698477	51M99H
SRR12625672.36075377	43312410	16	43312453	100M50S	2048	43323588	52M98H
SRR12625672.36323630	33078740	0	33069984	86M64S	2064	33078803	64M86H
SRR12625672.36405309	16069854	16	16069939	117M33S	2048	14437735	33M117H
SRR12625672.36497107	44681774	16	44681881	77M73S	2048	44682766	73M77H
SRR12625672.36508269	14437607	16	14437695	89M61S	272	17974433	105H23M22H
SRR12625672.36611758	36804290	16	36804351	100M50S	2048	36804860	22M128H
SRR12625672.36611940	46286265	16	46286302	117M33S	2048	46325170	34M116H
SRR12625672.36750965	35469925	16	35470022	35M115S	272	45849407	29M121H
SRR12625672.36758207	36682752	0	36693777	114M36S	2064	36682869	36M114H
SRR12625672.3678206	5154658	16	5154744	104M46S	2048	23837291	22M128H
SRR12625672.36826240	42708344	16	42708370	105M45S	2048	42707837	45M105H
SRR12625672.3689795	44611529	0	44575802	80M70S	2064	44611605	70M80H
SRR12625672.36946020	10521186	0	10521195	77M73S	2064	42641223	18H28M104H
SRR12625672.36959608	8400151	0	8444406	82M68S	256	8400171	82M68H
SRR12625672.3699382	44714203	16	44714262	108M42S	2048	44724041	42M108H
SRR12625672.37171730	46447253	16	46447303	118M32S	2048	46458861	32M118H
SRR12625672.37304807	34376625	2064	34376703	66M84H	272	7746174	66M84H
SRR12625672.37331307	41952974	16	41953046	112M38S	2048	41954142	39M111H
SRR12625672.37464773	15725511	16	15730207	24S94M32S	2064	15725619	25M125H
SRR12625672.37528867	41420219	0	41412651	91M59S	2064	41420344	59M91H
SRR12625672.37714547	36693785	16	36693844	103M47S	2048	38030199	49M101H
SRR12625672.37732876	45287161	0	45287076	67M83S	2048	44299042	79H23M48H
SRR12625672.37735984	14437670	0	14821608	95M55S	2064	14437735	56M94H
SRR12625672.37749818	45321485	16	45321536	79M71S	2048	45320734	71M79H
SRR12625672.3775748	12046677	16	12237853	32M118S	272	12046793	32M118H
SRR12625672.3796716	7794479	0	7794510	114M36S	256	34424522	114M36H
SRR12625672.37983843	32479132	16	32479310	64M86S	272	30144131	49M101H
SRR12625672.3804172	10521187	0	10521202	70M80S	2064	43733254	34H23M93H
SRR12625672.38102963	43388296	0	6149856	15S119M16S	272	43388296	16H119M15H
SRR12625672.38162749	36693770	16	36693810	82M68S	2048	36693234	70M80H
SRR12625672.38168430	42802162	16	42802183	106M44S	2048	42801883	44M106H
SRR12625672.38318389	17819430	16	17819508	89M61S	2064	17818855	88H60M2H
SRR12625672.38394528	5090482	16	5090592	96M54S	256	44171282	54H94M2H
SRR12625672.38449373	36705087	16	36705125	103M47S	2048	36707990	47M103H
SRR12625672.38456664	45404925	0	45404899	29M121S	2048	44334512	124H22M4H
SRR12625672.38591250	10521207	0	10521210	62M88S	2064	46436469	71H22M57H
SRR12625672.38616676	14437605	16	14437717	50M100S	2048	45718125	11H22M117H
SRR12625672.38630178	45456238	0	45351516	116M34S	2064	45456355	37M113H
SRR12625672.38722054	8443306	0	8443292	60M90S	2048	23021310	70H22M58H
SRR12625672.38788124	10521206	0	10521217	56M94S	2048	44299042	114H24M12H
SRR12625672.38799913	8443300	0	8443286	49M101S	272	42219221	114H25M11H
SRR12625672.38860149	33542028	0	33543670	92M58S	2064	33542111	59M91H
SRR12625672.39009489	10521204	0	10521214	58M92S	2064	15733127	71H22M57H
SRR12625672.3901907	29181343	16	29181422	96M54S	272	31178919	7H78M65H
SRR12625672.39089454	8229683	0	8229705	114M36S	256	8456847	114M36H
SRR12625672.3908998	36637740	16	36637747	103M47S	2048	36654267	19H29M102H
SRR12625672.39165517	34614905	16	34614938	111M39S	2048	34614016	41M109H
SRR12625672.39229396	14437680	16	14437733	108M42S	2048	14535032	20H22M108H
SRR12625672.39247593	14437671	0	15636712	82M68S	2064	14437755	69M81H
SRR12625672.39412241	34582495	0	34517919	84M66S	2064	34582602	66M84H
SRR12625672.39477485	10521193	0	10521200	72M78S	2064	42641223	14H25M111H
SRR12625672.396199	44724965	16	44725003	94M56S	2048	44724027	57M93H
SRR12625672.39728440	42011299	16	42011401	96M54S	2048	42010076	48M102H
SRR12625672.39749374	14437698	16	14437740	97M53S	2048	14383420	22H35M93H
SRR12625672.39804077	29360981	0	29298842	104M46S	2064	29361071	47M103H
SRR12625672.39808500	14437646	0	29309708	76M74S	2064	14437710	74M76H
SRR12625672.398717	44919080	16	44919167	113M37S	2048	44920351	37M113H
SRR12625672.39880175	8427758	16	8427758	20S111M19S	272	8244734	20H111M19H
SRR12625672.3990117	45555495	16	45555543	51S82M17S	2048	44299042	99H23M28H
SRR12625672.39938771	8446857	0	8446892	11S115M24S	256	8219622	11H115M24H
SRR12625672.40024872	10521204	0	10521210	62M88S	272	42641226	12H22M116H
SRR12625672.4009881	34582559	16	34582614	107M43S	2048	34582936	40M110H
SRR12625672.4012640	8196974	16	8380134	86M64S	272	8197089	86M64H
SRR12625672.40146047	14437678	16	14437756	68M82S	2048	17147388	25M125H
SRR12625672.40207591	8443301	0	8443281	54M96S	2048	43733254	91H24M35H
SRR12625672.40270216	8213806	16	8396959	43M107S	272	8213921	43M107H
SRR12625672.40277127	46458861	16	46458931	101M49S	2048	46458608	50M100H
SRR12625672.40452320	8220394	0	8220118	74M76S	2048	43733249	76H24M50H
SRR12625672.4046103	17621516	16	17621526	110M40S	2048	17819485	40M110H
SRR12625672.40480630	44510455	16	44510508	96M54S	2048	44515196	43M107H
SRR12625672.40505385	41179589	16	41179688	97M53S	2048	41420267	54M96H
SRR12625672.4052282	17819430	16	17819472	119M31S	2048	17820873	32M118H
SRR12625672.40535405	33479339	0	33498021	78M72S	2064	33479420	74M76H
SRR12625672.40550301	29299237	16	29299258	12S102M36S	2048	29298922	36M114H
SRR12625672.40579571	8255699	0	8438770	113M37S	256	8255728	113M37H
SRR12625672.40588868	10521212	0	10521220	52M98S	2064	39349258	80H22M48H
SRR12625672.40595029	44709090	0	44709078	27M123S	2048	44505569	28H23M99H
SRR12625672.40635979	41836567	0	41894357	77M73S	2064	41836756	73M77H
SRR12625672.40655322	6466689	16	43075134	38M112S	272	6466812	38M112H
SRR12625672.40655323	43075011	16	43075134	38M112S	272	6466812	38M112H
SRR12625672.40656142	44973686	0	44973487	41M109S	2048	46436467	121H22M7H
SRR12625672.40727891	8442322	16	8442357	106M44S	2048	16355775	16H29M105H
SRR12625672.40728275	42617715	16	42617765	106M44S	2048	42010080	44M106H
SRR12625672.40733182	38323824	16	38323886	70M80S	2048	33966563	69M81H
SRR12625672.40762991	44874120	16	44874189	113M37S	2048	44874997	38M112H
SRR12625672.40847186	13685030	16	13685104	53M97S	272	6820071	53M97H
SRR12625672.40988846	14018612	0	14055856	97M53S	2064	14018682	54M96H
SRR12625672.41001233	45763565	16	45763606	101M49S	2048	45759797	35M115H
SRR12625672.4131461	46182645	16	46182697	96M54S	2048	46183203	56M94H
SRR12625672.41325526	43605904	16	43605971	96M54S	2048	43277414	55M95H
SRR12625672.41595740	10521211	0	10521217	55M95S	2048	39349256	59H23M68H
SRR12625672.41802425	14437630	16	14437699	85M65S	2048	14495114	65M85H
SRR12625672.41874573	45374437	16	45374503	98M52S	2048	45401155	52M98H
SRR12625672.41893464	44838068	0	44838043	64M86S	2048	40846551	93H22M35H
SRR12625672.41912601	43670310	16	43670348	107M43S	2048	19260492	3H24M123H
SRR12625672.41922903	10521190	0	10521200	72M78S	2064	46436469	61H22M67H
SRR12625672.41943937	7794479	0	34424526	112M38S	256	7794514	112M38H
SRR12625672.41971922	35492345	16	35492391	84M66S	2048	34073482	67M83H
SRR12625672.41990537	42375618	0	42378392	101M49S	2064	42375735	49M101H
SRR12625672.42131317	39108239	0	38772917	94M56S	2064	39108343	58M92H
SRR12625672.42135951	41309930	16	41309939	108M42S	2048	45082991	42M108H
SRR12625672.42221528	36391336	16	36391368	95M55S	256	13249759	70H55M25H
SRR12625672.42363388	44517373	16	44517436	95M55S	2048	44510557	55M95H
SRR12625672.42437166	10521188	0	10521200	75M75S	2048	39349258	78H22M50H
SRR12625672.42460476	10521206	0	10521206	67M83S	2064	15775740	40H23M87H
SRR12625672.42466874	10521195	0	10521200	72M78S	2064	46436469	61H22M67H
SRR12625672.42467115	10521206	0	10521217	57M93S	2048	45555642	81H22M47H
SRR12625672.4247742	14435314	16	14435403	85M65S	2048	14437726	65M85H
SRR12625672.42525403	37469096	16	37468895	19S51M80S	2064	34313567	70H23M57H
SRR12625672.42576779	10521201	0	10521202	71M79S	2064	46436469	59H22M69H
SRR12625672.42623414	10521174	0	10521194	78M72S	2064	15733127	7H22M121H
SRR12625672.42632926	10521161	0	10521202	70M80S	2048	39349266	83H22M45H
SRR12625672.42795417	8449649	0	8405472	113M37S	256	8449679	113M37H
SRR12625672.42881042	44510418	16	44510561	77M73S	2048	38836123	73M77H
SRR12625672.42885506	15577815	0	15579760	80M70S	2064	15577882	72M78H
SRR12625672.42912368	44708741	16	44708936	110M40S	2048	44509741	13H28M109H
SRR12625672.42971138	45146112	0	44818285	119M31S	2064	45146232	28M122H
SRR12625672.42974773	42789424	16	42789463	85M65S	2048	42766368	67M83H
SRR12625672.42994404	31660356	16	31660366	110M40S	2048	31659515	40M110H
SRR12625672.4329615	41711816	16	41711880	94M56S	2064	41711542	93H24M33H
SRR12625672.4336820	8443309	0	8443282	53M97S	2048	15775740	76H23M51H
SRR12625672.4365345	42708413	16	42708433	110M40S	2048	42706032	40M110H
SRR12625672.4472933	10521208	0	10521200	72M78S	2064	42641228	53H22M75H
SRR12625672.4589947	43069387	16	6461136	78M72S	272	43069459	78M72H
SRR12625672.4639151	10521192	0	10521206	75M75S	2064	42974439	22H22M106H
SRR12625672.4641364	6111553	2048	43427132	14H49M87H	272	6111082	87H49M14H
SRR12625672.4803961	39108302	16	39108383	54M96S	2064	41869767	118H22M10H
SRR12625672.4804757	8212448	16	8212492	77M73S	272	8395527	77M73H
SRR12625672.4896290	43864826	0	43864734	24M126S	2048	46436469	18H22M110H
SRR12625672.4908500	10521201	0	10521220	52M98S	2048	26016932	94H24M32H
SRR12625672.4917258	42708381	16	42708437	99M51S	2048	42688867	51M99H
SRR12625672.4961546	44315534	16	44315610	71M79S	2048	44510543	61M89H
SRR12625672.4962671	29298830	16	29298923	97M53S	2048	29356695	53M97H
SRR12625672.4968109	33479348	16	33479400	96M54S	2048	33479868	21H33M96H
SRR12625672.4977312	8246196	16	8246250	90M60S	272	8429274	90M60H
SRR12625672.4977335	8429220	16	8429274	90M60S	272	8246250	90M60H
SRR12625672.4986811	10521167	0	10521190	82M68S	2064	15775740	15H23M112H
SRR12625672.5112040	45287245	0	45287266	36M114S	2064	15775740	23M127H
SRR12625672.5169088	43427137	0	43427132	19S43M88S	272	6111088	88H43M19H
SRR12625672.5280202	34888721	0	34888385	91M59S	2064	34888820	59M91H
SRR12625672.5476792	10521200	0	10521220	52M98S	2048	42975110	89H22M39H
SRR12625672.5499936	44308136	16	44308184	104M46S	2048	44012746	46M104H
SRR12625672.5511242	41420279	16	41420298	102M48S	2048	41419006	49M101H
SRR12625672.5572665	29295259	16	29298869	23S84M43S	2064	29295406	23M127H
SRR12625672.5689848	16667535	16	16667604	76M74S	2048	16668495	74M76H
SRR12625672.5707996	41304291	272	23029404	55H38M57H	2064	41304455	28M122H
SRR12625672.5735979	9762378	16	9762482	68M82S	2048	17297426	31M119H
SRR12625672.585871	42708344	16	42708387	87M63S	2048	42701626	63M87H
SRR12625672.5862360	44978484	272	44978722	102H35M13H	2048	44299042	76H23M51H
SRR12625672.5889552	10521209	0	10521217	55M95S	2048	39349256	63H23M64H
SRR12625672.592238	33834788	16	33834888	60M90S	2048	43344178	50H22M78H
SRR12625672.5963712	44994849	0	44994878	24S115M11S	2048	44983437	25M125H
SRR12625672.5995091	44718750	16	44718783	103M47S	2064	44486349	103H32M15H
SRR12625672.5998504	42375686	16	42375806	32M118S	2064	7938189	82H23M45H
SRR12625672.6036165	6458703	16	6458782	93M57S	272	43067104	93M57H
SRR12625672.6053603	45643311	0	45643210	42M108S	2048	46436467	42H22M86H
SRR12625672.608728	29324105	16	29324143	84M66S	2048	29298880	66M84H
SRR12625672.6128636	8436684	0	8253682	106M44S	256	8436716	106M44H
SRR12625672.6189935	45910087	256	45910022	30H25M95H	2048	31590839	122H22M6H
SRR12625672.6323926	44107268	2064	5155101	110H25M15H	256	44106928	15H25M110H
SRR12625672.6335242	8443301	0	8443282	53M97S	2048	46436469	61H22M67H
SRR12625672.634913	45413780	16	45413822	113M37S	2048	45373712	23M127H
SRR12625672.6365793	10521186	0	10521201	71M79S	2064	46436469	62H22M66H
SRR12625672.6432314	41420248	0	42120129	111M39S	2064	41420361	39M111H
SRR12625672.649903	10521214	0	10521220	52M98S	2048	45555298	88H23M39H
SRR12625672.6516968	43107206	16	6498961	45M105S	272	43107283	45M105H
SRR12625672.6546202	13697688	0	6832693	114M36S	256	13697719	114M36H
SRR12625672.6546872	6832662	0	6832693	114M36S	256	13697719	114M36H
SRR12625672.6623582	44509747	0	44510526	78M72S	2064	44509822	72M78H
SRR12625672.6700024	38583251	272	27979161	63H68M19H	2064	38583410	34M116H
SRR12625672.6745754	46286526	0	46286533	45M105S	2064	34887236	49H23M78H
SRR12625672.6846928	37113124	16	37113187	55M95S	272	9000233	16H42M92H
SRR12625672.6978803	10521187	0	10521197	75M75S	2064	43733254	31H24M95H
SRR12625672.7057486	31659389	0	31660001	101M49S	2064	31659510	50M100H
SRR12625672.7064263	36911770	16	36911855	85M65S	2048	36990196	15H50M85H
SRR12625672.711655	10521207	0	10521202	70M80S	2064	15775740	62H23M65H
SRR12625672.7138096	42711818	0	42708363	111M39S	2064	42711913	40M110H
SRR12625672.7151717	39109228	0	39108313	105M45S	2064	39109331	46M104H
SRR12625672.7353288	10521205	0	10521191	81M69S	2048	46436469	95H22M33H
SRR12625672.7537808	8400145	0	8444397	26S91M33S	256	8400162	26H91M33H
SRR12625672.7753616	33109711	16	33109760	114M36S	2048	33104480	36M114H
SRR12625672.7763810	14437640	16	14437676	108M42S	2048	16289239	43M107H
SRR12625672.7772965	8253692	0	8436757	115M35S	256	8253723	115M35H
SRR12625672.7980869	39107463	16	39107530	95M55S	2048	39108325	55M95H
SRR12625672.8100396	41839571	0	41801412	97M53S	2064	41839656	57M93H
SRR12625672.8240463	45801210	16	45801252	77M73S	2048	45811347	73M77H
SRR12625672.8241822	31043978	16	31044053	41M109S	256	29526056	108H36M6H
SRR12625672.8295399	8445937	0	8445954	113M37S	256	8218684	113M37H
SRR12625672.8339230	43312412	16	43312469	94M56S	2048	43307993	56M94H
SRR12625672.8366554	26354555	0	46655355	79M71S	2064	26354648	28M122H
SRR12625672.8536510	15730025	16	15730170	115M35S	2064	15748257	115H26M9H
SRR12625672.8560073	33109694	16	33109773	101M49S	2048	33110313	49M101H
SRR12625672.8652530	5128427	0	44133275	81S46M23S	272	5128732	23H46M81H
SRR12625672.8724986	44978428	272	44978634	99H46M5H	2048	44299042	80H23M47H
SRR12625672.8741539	45764844	0	45763649	76M74S	2064	45764925	74M76H
SRR12625672.8848315	34653512	16	34653567	105M45S	2048	34652388	42M108H
SRR12625672.8888169	45468296	16	45468330	98M52S	2048	45321525	52M98H
SRR12625672.9014718	45532977	16	45533020	108M42S	2048	45533652	43M107H
SRR12625672.9032584	10521173	0	10521205	67M83S	2048	46436469	77H22M51H
SRR12625672.9074111	10521192	0	10521190	82M68S	2048	15775740	96H23M31H
SRR12625672.9126463	42789482	0	42787840	91M59S	2064	42789587	60M90H
SRR12625672.9141694	32732522	0	32771469	79M71S	2064	32732604	71M79H
SRR12625672.9213618	44808721	0	44795105	102M48S	2064	44808831	48M102H
SRR12625672.9242122	46182642	2064	46182740	68M82H	256	10512140	45H38M67H
SRR12625672.9412512	45287067	0	45287082	72M78S	2048	44299042	68H22M60H
SRR12625672.9508812	42708388	16	42708530	46M104S	272	24585438	22H23M105H
SRR12625672.9584251	6450873	16	43059263	58M92S	272	6450941	58M92H
SRR12625672.9755346	10521202	0	10521218	54M96S	2048	15775740	113H23M14H
SRR12625672.9859223	45287083	0	45287076	67M83S	2048	44299042	91H23M36H
