SRR12625672.10021554	14123660	16	14123740	70M80S	256	89417101	27M123H
SRR12625672.10037131	118769783	0	57485327	113M37S	2064	118769882	37M113H
SRR12625672.10058023	72181826	16	72181866	88M62S	2048	72018613	18H46M86H
SRR12625672.10097581	18353765	16	18353801	114M36S	2048	18354683	36M114H
SRR12625672.1009844	21374139	16	21374174	118M32S	2048	27043235	32M118H
SRR12625672.10130256	18353574	16	18353696	96M54S	2048	18354683	18H36M96H
SRR12625672.10144450	49053640	0	49053143	105M45S	2064	49053719	45M105H
SRR12625672.10144640	49840806	16	49840913	49M101S	256	90700343	23H25M102H
SRR12625672.10173739	18232331	16	18354677	30S104M16S	2064	18232456	31M119H
SRR12625672.10205495	154598201	16	155986738	59M91S	272	154598294	59M91H
SRR12625672.10205612	101358781	16	101358866	107M43S	272	54152968	44H63M43H
SRR12625672.1023359	939893	16	939989	70M80S	256	943404	80H36M34H
SRR12625672.10233753	48832139	0	38171039	112M38S	2064	48832243	41M109H
SRR12625672.10250832	71533665	16	71533736	82M68S	2048	71532949	68M82H
SRR12625672.10267758	154048494	16	154048534	108M42S	2048	154019946	14H28M108H
SRR12625672.10296942	86649930	16	86650106	31M119S	2048	53057664	22H22M106H
SRR12625672.1038377	103832220	16	103832261	102M48S	2048	103690061	48M102H
SRR12625672.10391580	26874075	16	26874194	56M94S	272	87809203	35M115H
SRR12625672.10400916	149292234	16	149292312	77M73S	2048	149259272	51H24M75H
SRR12625672.10475653	15561205	0	13689004	94M56S	2064	15561283	56M94H
SRR12625672.10485479	47355193	16	47355277	85M65S	256	95562853	97H43M10H
SRR12625672.10497813	9635143	0	18354683	82M68S	2064	9635337	70M80H
SRR12625672.10583142	72298813	16	72298845	109M41S	2048	72306822	42M108H
SRR12625672.10631388	7148008	0	7221226	81M69S	2064	7148121	69M81H
SRR12625672.10646014	39688747	16	39688792	122M28S	2048	54243452	29M121H
SRR12625672.10650947	152807275	16	152807357	79M71S	2048	152806408	72M78H
SRR12625672.1068064	125299275	16	125299356	88M62S	2048	153966383	37H25M88H
SRR12625672.10685997	129581329	0	39821037	112M38S	2064	129581625	15H23M112H
SRR12625672.1070173	46125303	16	46125344	97M53S	2048	40647535	54M96H
SRR12625672.10722104	19497279	16	19497380	86M64S	272	135703832	26H48M76H
SRR12625672.10756239	7969221	16	7969253	101M49S	2048	82252791	23H27M100H
SRR12625672.1075644	88039012	0	88039019	113M37S	2048	139852452	117H30M3H
SRR12625672.10781347	56761613	16	56761649	107M43S	2048	56563508	44M106H
SRR12625672.10796948	130171611	16	130171688	70M80S	2048	130173299	61M89H
SRR12625672.11041961	75457555	16	75457623	86M64S	256	49282436	83H44M23H
SRR12625672.11043498	48155965	16	48156061	57M93S	256	48279267	93H32M25H
SRR12625672.11138932	72306817	16	72306879	89M61S	2048	72308546	63M87H
SRR12625672.11146896	21374022	16	21374066	113M37S	2048	21370768	38M112H
SRR12625672.1118450	153638031	16	153638041	107M43S	2048	153636626	45M105H
SRR12625672.11268734	129932561	16	129932598	97M53S	2048	129934923	53M97H
SRR12625672.11281078	139932473	16	139932578	117M33S	2048	139927719	34M116H
SRR12625672.11295645	107229874	16	107229946	76M74S	272	70022595	41M109H
SRR12625672.11333548	71616645	16	71616756	55M95S	2048	71615369	59H36M55H
SRR12625672.1136120	72306756	0	72306670	53M97S	2048	35499526	55H22M73H
SRR12625672.11391191	103832250	16	103832290	107M43S	2048	103704879	24M126H
SRR12625672.11397339	40096900	0	40096055	97M53S	2064	40096971	53M97H
SRR12625672.11426470	7200955	16	7201060	48M102S	256	4293687	113H26M11H
SRR12625672.11445769	72306822	16	72306866	92M58S	2048	129658334	58M92H
SRR12625672.11453051	24339838	0	24465129	109M41S	2064	24339919	45M105H
SRR12625672.11508458	72307877	0	72306817	104M46S	2064	72307955	47M103H
SRR12625672.1156081	130171587	16	130171646	99M51S	2048	115705220	24H28M98H
SRR12625672.11566162	154436976	16	154437042	114M36S	2048	155290034	38M112H
SRR12625672.11575595	41086017	16	41086066	104M46S	2048	41085498	46M104H
SRR12625672.11593647	10053677	0	10054373	102M48S	2064	10053761	49M101H
SRR12625672.11677337	130401954	16	130402078	91M59S	2048	131129662	7H53M90H
SRR12625672.11786021	153588105	16	153588163	78M72S	2048	153630419	72M78H
SRR12625672.11839708	153517771	16	153517827	108M42S	2048	153530547	45M105H
SRR12625672.1187263	39688832	16	39688831	8S114M28S	2048	39687565	33M117H
SRR12625672.11914612	21374018	16	21374058	107M43S	2064	44482324	107H27M16H
SRR12625672.11920329	19738041	16	19738102	99M51S	2048	18354683	52M98H
SRR12625672.1193014	156019178	16	156019243	83M67S	2048	156026363	31M119H
SRR12625672.1195063	16978131	16	16956755	24S30M96S	2064	16978251	24M126H
SRR12625672.11964621	87563969	16	87564127	55M95S	272	23440282	20H35M95H
SRR12625672.11974792	71109478	16	71109546	85M65S	2048	147911949	66M84H
SRR12625672.12100052	101365978	16	101366000	112M38S	2048	100732144	28M122H
SRR12625672.1218961	72306756	0	72306700	23M127S	2064	54530150	70H22M58H
SRR12625672.12251921	136962314	16	136962420	43M107S	272	1588696	55H27M68H
SRR12625672.12313311	17867971	16	17868014	114M36S	2048	18354683	37M113H
SRR12625672.1231711	149538773	16	149538773	22S115M13S	256	149941076	13H115M22H
SRR12625672.12449190	68704710	16	68704735	111M39S	2048	155163180	18H22M110H
SRR12625672.12521159	153701795	0	153724742	19S67M64S	2064	153701898	64M86H
SRR12625672.1253795	106798576	16	106798660	78M72S	2048	128251259	19H22M109H
SRR12625672.12563712	572763	16	572845	81M69S	2048	56563497	57M93H
SRR12625672.12662122	110002706	0	110031964	108M42S	2064	110002827	43M107H
SRR12625672.12699804	39688688	16	39688781	85M65S	2048	39691524	65M85H
SRR12625672.12781749	24145658	16	24145747	94M56S	2048	24465169	57M93H
SRR12625672.12920089	41024130	16	41024166	100M50S	2048	40647535	50M100H
SRR12625672.12955796	72309940	16	72309987	90M60S	2048	72306821	62M88H
SRR12625672.12967323	143004615	16	143004732	50M100S	256	47986853	107H39M4H
SRR12625672.13017700	39688810	0	39688831	82M68S	2064	48581063	33H24M93H
SRR12625672.13027233	153517793	16	153517961	80M70S	2064	155068751	83H22M45H
SRR12625672.13028155	154598201	16	154598294	59M91S	272	155986738	59M91H
SRR12625672.1304399	149892767	16	149892831	62M88S	272	22414312	10H36M104H
SRR12625672.1325945	387046	0	318971	85M65S	2064	387104	65M85H
SRR12625672.13268672	387039	16	387073	97M53S	2048	319006	53M97H
SRR12625672.13326553	45501659	16	45501702	90M60S	2048	40647524	61M89H
SRR12625672.13332763	154432104	16	154432121	101M49S	2048	154371188	49M101H
SRR12625672.13440192	72306757	0	72306683	40M110S	2064	32759844	31H22M97H
SRR12625672.13480519	21374119	0	21272749	110M40S	2064	21374264	40M110H
SRR12625672.13514845	154437572	0	154437559	52M98S	2064	44282625	71H22M57H
SRR12625672.13620806	18354683	16	18354723	93M57S	2048	10408821	57M93H
SRR12625672.13647684	46836591	16	46836625	102M48S	2048	48508968	48M102H
SRR12625672.13669627	153517790	256	154820182	70H31M49H	2064	153517934	28M122H
SRR12625672.13691469	153868759	16	153868797	108M42S	2048	153853587	42M108H
SRR12625672.13731664	56641952	16	56641977	103M47S	2048	56563504	47M103H
SRR12625672.13771664	49053640	16	49053686	109M41S	2048	108381821	41M109H
SRR12625672.13816630	53084211	0	53082563	75M75S	2064	53084274	75M75H
SRR12625672.1384320	72306757	0	72306652	71M79S	2064	54530147	21H22M107H
SRR12625672.13890004	56572177	16	56572200	110M40S	2048	56563510	42M108H
SRR12625672.13924275	19132229	16	19132287	114M36S	2048	18354683	37M113H
SRR12625672.13937006	72306766	0	72306688	35M115S	2048	54530150	38H22M90H
SRR12625672.13994405	72306813	0	72301728	114M36S	2064	72306909	36M114H
SRR12625672.14082037	137212751	16	137212822	65M85S	256	88243373	85H41M24H
SRR12625672.14138318	7148147	16	7148153	116M34S	2048	7132595	34M116H
SRR12625672.14192354	68488963	16	68488970	118M32S	2048	68498918	34M116H
SRR12625672.14192754	18224134	16	18224150	114M36S	2048	18354683	39M111H
SRR12625672.14219406	46758906	16	46758963	100M50S	2048	74534492	50M100H
SRR12625672.1429950	39688742	16	39688866	41M109S	2048	66235876	10H23M117H
SRR12625672.14371806	56563379	16	56563454	98M52S	2048	58417297	53M97H
SRR12625672.14413782	78844229	16	78844308	69M81S	256	17521388	90H36M24H
SRR12625672.14448922	103832185	16	103832226	81M69S	2048	103835170	35M115H
SRR12625672.14471039	153509732	16	153509787	85M65S	2048	119845663	65M85H
SRR12625672.14479470	132118444	16	132118492	112M38S	2048	132489748	40M110H
SRR12625672.14502521	114945532	16	114945635	60M90S	272	4484391	30M120H
SRR12625672.1450388	18875497	0	17985459	99M51S	2064	18875596	55M95H
SRR12625672.14533599	24464680	0	24465169	94M56S	2064	24464775	55M95H
SRR12625672.14556110	153971834	16	153972028	77M73S	2064	153972723	77H51M22H
SRR12625672.14594993	91453085	16	91453175	34M116S	272	106258747	24M126H
SRR12625672.14623009	72306718	0	72306688	35M115S	2064	54530150	58H22M70H
SRR12625672.14630669	154355957	16	154355993	103M47S	2048	153710426	48M102H
SRR12625672.1464489	71910897	16	71910994	61M89S	272	66291066	85H34M31H
SRR12625672.14679961	18554986	16	18555027	113M37S	2048	18354683	37M113H
SRR12625672.14694677	103832110	0	104110431	82M68S	2064	103832263	57M93H
SRR12625672.14704192	49053579	16	49053617	100M50S	2048	48891851	50M100H
SRR12625672.14738306	49052104	16	49052168	85M65S	256	136282147	65H53M32H
SRR12625672.14762187	41334459	16	41334510	78M72S	2048	41245201	72M78H
SRR12625672.14785590	39688797	0	39688827	86M64S	2048	54530147	95H24M31H
SRR12625672.14786586	57070263	0	70385929	104M46S	2064	57070390	33M117H
SRR12625672.14880909	129755677	16	129755825	25M125S	2064	154444183	114H24M12H
SRR12625672.14955786	72306714	0	72306690	33M117S	2048	103203617	91H22M37H
SRR12625672.14967081	72306762	0	72306699	24M126S	2048	35499527	27H22M101H
SRR12625672.14985552	103831508	0	103832217	90M60S	2064	103831635	62M88H
SRR12625672.15018947	130171636	16	130171676	80M70S	2064	140931446	80H24M46H
SRR12625672.15020237	153934696	16	153934762	83M67S	2048	153930190	67M83H
SRR12625672.15117775	153628031	2064	153628117	51M99H	272	62525831	50H38M62H
SRR12625672.15143040	139932567	16	139932630	83M67S	2048	139933527	50M100H
SRR12625672.15244079	21374070	16	21374070	7S112M31S	2064	21375454	118H24M8H
SRR12625672.15368532	71616670	16	71616750	70M80S	2048	71632008	61M89H
SRR12625672.15433345	21374151	0	65949368	76M74S	2064	21374229	74M76H
SRR12625672.15466623	154021209	16	154021235	106M44S	2064	154019946	105H28M17H
SRR12625672.15555908	56504770	16	56504799	101M49S	2048	56563505	49M101H
SRR12625672.15578316	103832141	0	111489141	79M71S	2064	103832235	72M78H
SRR12625672.15672918	129959011	16	129959027	118M32S	2048	129974181	32M118H
SRR12625672.15726176	64205186	0	64188427	77M73S	2064	64205256	73M77H
SRR12625672.15767784	72306714	0	72306690	33M117S	2064	152137416	22M128H
SRR12625672.15827197	7148522	16	7148592	79M71S	2064	7148162	79H57M14H
SRR12625672.15978749	153494828	0	153494824	36M114S	2064	13837706	80H23M47H
SRR12625672.15987305	68930664	16	68930812	99S27M24S	272	44282621	88H23M39H
SRR12625672.15988854	41322183	0	41334531	82M68S	2064	41322233	68M82H
SRR12625672.15996719	119885089	16	119885150	93M57S	2048	119758731	58M92H
SRR12625672.16003282	24465041	16	24465108	116M34S	2048	38065548	34M116H
SRR12625672.16015155	31265800	0	31265767	34M116S	256	42104441	93H24M33H
SRR12625672.16020585	103408074	16	103408134	93M57S	2048	103404976	58M92H
SRR12625672.16024677	21374061	16	21374207	109M41S	2064	39472867	109H31M10H
SRR12625672.16031232	134549312	16	134549438	51M99S	2064	44663406	74H25M51H
SRR12625672.16033767	154437520	0	154437536	74M76S	2064	44282621	19H24M107H
SRR12625672.16139883	155070203	16	155070322	85M65S	2048	155071155	65M85H
SRR12625672.16174313	153727761	16	153727822	96M54S	2048	153971830	54M96H
SRR12625672.16197769	154356062	0	154357283	91M59S	2064	154356173	59M91H
SRR12625672.16301829	54190272	16	54190335	112M38S	256	3740348	66H75M9H
SRR12625672.16337325	72146594	16	72146607	106M44S	2048	45182322	44M106H
SRR12625672.16387940	72306731	0	72306672	51M99S	2048	35499527	107H22M21H
SRR12625672.16538752	48701585	0	48700127	16S59M75S	2064	48701689	48M102H
SRR12625672.16551641	49053640	0	49055989	95M55S	2064	49053707	58M92H
SRR12625672.16733768	103832191	16	103832333	90M60S	2048	90331685	20H23M107H
SRR12625672.16773016	153833342	16	153833383	91M59S	2048	153832257	60M90H
SRR12625672.16800123	72306756	0	72306670	53M97S	2048	2330070	88H22M40H
SRR12625672.16809220	56563414	0	74613933	89M61S	2064	56563490	62M88H
SRR12625672.16902635	110045408	0	110067080	38M112S	2064	110045546	22M128H
SRR12625672.16945334	80574574	16	80574641	110M40S	2048	108456345	40M110H
SRR12625672.17256808	39688798	0	39688829	84M66S	2048	17737421	93H22M35H
SRR12625672.17275602	153588095	16	153588139	100M50S	2048	153582293	23M127H
SRR12625672.17312950	103832985	16	103833034	82M68S	2048	103832250	69M81H
SRR12625672.17366200	41333697	16	41333775	73M77S	2048	41333271	39H38M73H
SRR12625672.17428738	107449668	0	107449533	28M122S	2048	137425027	99H22M29H
SRR12625672.1752352	71910880	16	71910986	108M42S	2048	74541696	42M108H
SRR12625672.17572512	103832191	16	103832255	104M46S	2048	33278039	48M102H
SRR12625672.17645579	89076041	16	89076188	33M117S	272	63398894	10H23M117H
SRR12625672.17670070	46758900	16	46758953	113M37S	2048	46847062	38M112H
SRR12625672.17711087	40176795	16	40176822	114M36S	2048	40176236	39M111H
SRR12625672.17783550	16857327	0	16870534	118M32S	2064	16857438	32M118H
SRR12625672.17807604	24776319	0	24465169	80M70S	2064	24776420	70M80H
SRR12625672.17853088	56563411	16	56563463	88M62S	2048	78672891	64M86H
SRR12625672.17942495	153509757	16	153509854	83M67S	256	76093510	31H36M83H
SRR12625672.17967082	18381738	16	18381794	113M37S	2048	18354683	37M113H
SRR12625672.18039057	154020920	16	154021006	92M58S	2048	154019915	59M91H
SRR12625672.18153304	135100687	16	135100743	83M67S	256	143546108	100H43M7H
SRR12625672.1826747	10017571	0	10015389	16S69M65S	2064	10017652	66M84H
SRR12625672.18291167	12415819	16	12415875	104M46S	2048	56563505	46M104H
SRR12625672.18308139	1544797	16	1544866	98M52S	272	41501858	47H50M53H
SRR12625672.18385018	53539179	16	53539214	82M68S	2048	53686660	50M100H
SRR12625672.18387606	72306756	0	72306700	23M127S	2064	2330070	47H22M81H
SRR12625672.18400718	39688808	0	39688832	81M69S	2048	17737429	92H22M36H
SRR12625672.1842772	132488624	16	132488665	90M60S	2048	132489746	61M89H
SRR12625672.1847598	118329771	16	118329913	32M118S	272	68500566	11H24M115H
SRR12625672.18597577	72310123	16	72310193	66M84S	2048	72306821	61M89H
SRR12625672.18598862	72143806	0	72146583	88M62S	2064	72143888	62M88H
SRR12625672.18615755	2761774	16	2761874	40M110S	256	32894917	124H22M4H
SRR12625672.18652326	154437531	0	154437537	73S73M4S	272	124361466	111H27M12H
SRR12625672.18679259	103832189	16	103832229	114M36S	2048	100729056	36M114H
SRR12625672.18706221	39688827	16	39688829	116M34S	2048	39687622	34M116H
SRR12625672.18760582	103832217	16	103832245	114M36S	2048	103833783	37M113H
SRR12625672.18842565	387049	0	41923526	101M49S	2064	387119	52M98H
SRR12625672.18943245	1454184	16	1454222	92M58S	2048	49862661	58M92H
SRR12625672.1899644	107449716	272	62596827	112H33M5H	2064	107449855	25M125H
SRR12625672.19011564	153509820	16	153509906	36M114S	2064	47133455	92H22M36H
SRR12625672.19024814	2642225	16	2642288	86M64S	272	1463358	34H51M65H
SRR12625672.19060212	18354543	16	18354686	34M116S	2064	18308681	100H23M27H
SRR12625672.19113852	119758709	16	119758755	79M71S	2064	119757885	78H39M33H
SRR12625672.19122109	72306817	16	72306831	114M36S	2048	72282540	3H35M112H
SRR12625672.19128797	17376329	16	17376411	80M70S	2064	104776745	84H27M39H
SRR12625672.19153188	103832201	0	103491887	87M63S	2064	103832330	64M86H
SRR12625672.19172492	39688826	16	39688846	99M51S	2048	74251588	52M98H
SRR12625672.19219119	46758906	16	46759018	73M77S	2048	46913586	65M85H
SRR12625672.19250716	103832211	16	103832268	121M29S	2048	103638563	30M120H
SRR12625672.19318894	154545872	16	154545895	102M48S	2048	154546954	48M102H
SRR12625672.19349767	150772110	16	150772195	89M61S	2048	119553408	36M114H
SRR12625672.19431762	100787303	16	100787355	108M42S	2048	72306827	42M108H
SRR12625672.19579837	153519892	0	153517858	95M55S	2064	153519969	56M94H
SRR12625672.19639919	134796849	16	134796880	109M41S	2048	133432416	41M109H
SRR12625672.19677988	39753006	16	39753113	72M78S	272	144231529	90H24M36H
SRR12625672.19769480	103832198	16	103832309	118M32S	2048	74904682	32M118H
SRR12625672.19929415	147911617	16	147911638	107M43S	2048	147837716	43M107H
SRR12625672.1994851	154424387	0	154424986	76M74S	2064	154424435	75M75H
SRR12625672.19968401	103832156	16	103832250	109M41S	2048	103826457	44M106H
SRR12625672.19979269	103832217	16	103832312	92M58S	2048	103832909	59M91H
SRR12625672.20038627	80675934	0	80675891	99M51S	2064	17737429	24M126H
SRR12625672.20080886	33084584	16	33084646	60M90S	272	33077106	60M90H
SRR12625672.20086462	116249397	16	116249473	112M38S	2048	24465085	38M112H
SRR12625672.20193108	387008	16	387064	105M45S	2064	23782979	105H33M12H
SRR12625672.20300557	151178936	0	151178950	94M56S	2048	54530148	98H23M29H
SRR12625672.2036302	103832220	16	103832293	96M54S	2048	153048931	54M96H
SRR12625672.20441068	39688753	16	39688837	108M42S	2048	39688198	42M108H
SRR12625672.20441745	48956809	0	48957482	81M69S	2064	48956869	69M81H
SRR12625672.20525834	111455792	16	111455840	102M48S	272	22819427	71M79H
SRR12625672.20607212	72306783	0	72328017	34M116S	2048	72306699	32H24M94H
SRR12625672.20626608	136720083	16	136720161	49M101S	272	75091135	8H28M114H
SRR12625672.20633324	72306716	0	72306699	24M126S	2064	155458995	67H24M59H
SRR12625672.20663693	140504647	16	140504711	88M62S	2048	140141581	62M88H
SRR12625672.20715525	18354651	16	18354688	93M57S	2048	17516643	57M93H
SRR12625672.20801796	147157739	16	147157826	55M95S	272	67987173	29M121H
SRR12625672.20828803	153792206	16	153792244	90M60S	2048	153924538	56M94H
SRR12625672.20859366	39688794	16	39688919	108M42S	256	69679772	5H29M116H
SRR12625672.20949423	56563420	16	56563474	77M73S	2048	40118593	73M77H
SRR12625672.20976264	40096044	16	40096206	52M98S	2048	38405561	4H23M123H
SRR12625672.21064749	109715871	16	109715934	109M41S	2048	109733251	43M107H
SRR12625672.21079016	89552146	16	89552154	113M37S	2048	48957482	38M112H
SRR12625672.21100808	119758673	0	119758468	35M115S	2048	150340215	108H23M19H
SRR12625672.21130705	154436995	16	154437060	96M54S	2048	154443440	55M95H
SRR12625672.21267326	14116327	16	14116416	69M81S	2064	18354682	67H39M44H
SRR12625672.21321476	103832162	0	103831637	101M49S	2064	103832261	49M101H
SRR12625672.2148388	103832179	0	104327868	102M48S	2064	103832293	48M102H
SRR12625672.21496606	72306726	0	72306649	77M73S	2048	73970795	74H22M54H
SRR12625672.21724364	68930977	16	68931052	105M45S	2048	68930725	45M105H
SRR12625672.21777871	21373558	16	21373597	107M43S	2048	21374136	43M107H
SRR12625672.21868693	103832086	256	130528522	11H73M66H	2064	103832298	22M128H
SRR12625672.22110230	72146586	16	72146626	106M44S	256	119361507	23M127H
SRR12625672.22123912	153588062	0	153585010	87M63S	2064	153588164	64M86H
SRR12625672.22125329	149711965	0	149711851	73M77S	272	44282621	53H22M75H
SRR12625672.22146029	53428281	16	53428317	96M54S	2048	56563496	54M96H
SRR12625672.22160125	24464680	0	24465169	95M55S	2064	24464775	56M94H
SRR12625672.22244876	72306783	0	72306695	28M122S	2048	35499526	30H22M98H
SRR12625672.22284313	72306756	0	72306670	53M97S	2064	3875033	77H22M51H
SRR12625672.22382391	72306756	0	72306655	68M82S	2064	2330070	4H22M124H
SRR12625672.22441063	149941091	16	149538736	19S115M16S	256	149941113	16H115M19H
SRR12625672.22519880	9604603	0	9603586	109M41S	2064	9604710	43M107H
SRR12625672.22532422	46836585	16	46836624	107M43S	2048	46848728	43M107H
SRR12625672.22590441	103832162	16	103832217	90M60S	2048	8700165	18H22M110H
SRR12625672.22719706	103832068	16	103832194	113M37S	2048	103848565	37M113H
SRR12625672.22784942	71616699	0	71616682	24M126S	272	111246034	123H22M5H
SRR12625672.22950045	72306720	2048	72298155	32M118H	2064	72306651	90H28M32H
SRR12625672.23019598	21374011	16	21374080	117M33S	2048	17766716	33M117H
SRR12625672.23067675	90617949	16	90618065	37M113S	272	151555466	7H22M121H
SRR12625672.23073518	154020607	16	154020685	65M85S	2048	154019946	28H57M65H
SRR12625672.23181129	7147948	16	7148081	33M117S	2064	107603254	86H23M41H
SRR12625672.23325487	29979810	16	29979848	109M41S	2048	29628215	42M108H
SRR12625672.23377192	48521657	16	48521697	103M47S	2048	53256859	49M101H
SRR12625672.23378045	64737788	16	64737845	98M52S	2048	65034747	53M97H
SRR12625672.23379128	107449716	0	107450172	99M51S	2064	107449839	51M99H
SRR12625672.23417548	71716496	0	71764961	11S119M20S	272	71716496	20H119M11H
SRR12625672.23534335	16237064	16	16237091	108M42S	2048	21374135	42M108H
SRR12625672.23544858	56563570	16	56563620	113M37S	2048	38760000	37M113H
SRR12625672.23753711	130171591	16	130171625	115M35S	2048	130169977	36M114H
SRR12625672.23841447	23504790	16	23504819	111M39S	2048	23506787	39M111H
SRR12625672.23939515	21373556	16	21373651	105M45S	2064	21374145	105H23M22H
SRR12625672.2399899	72306757	0	72306700	23M127S	2048	36949612	123H22M5H
SRR12625672.24189297	149711988	16	149712093	37M113S	256	149762820	113H27M10H
SRR12625672.2422385	53256784	16	53256811	96M54S	2048	53250252	54M96H
SRR12625672.24229576	18367172	0	18354680	74M76S	2064	18367231	72M78H
SRR12625672.24256327	19464200	16	19464270	98M52S	2048	18354683	52M98H
SRR12625672.24345521	39688766	0	39493510	77M73S	2064	39688851	73M77H
SRR12625672.24358299	103832086	16	103832314	115M35S	2048	103833386	37M113H
SRR12625672.24464464	153983135	0	153509831	86M64S	2064	153983190	66M84H
SRR12625672.24504153	62722163	16	62722325	31M119S	272	62816050	31M119H
SRR12625672.24676071	72306811	16	72306821	110M40S	2048	72307189	18H22M110H
SRR12625672.24737852	69505441	16	69505502	116M34S	2048	69506090	38M112H
SRR12625672.24953321	109906099	16	109906240	88M62S	2048	109907979	25M125H
SRR12625672.25042197	68930781	0	68930741	50M100S	272	147109928	106H25M19H
SRR12625672.2506743	72306817	16	72306831	115M35S	2048	72307143	36M114H
SRR12625672.25080793	72306748	0	72306653	15S73M62S	2048	54530150	85H22M43H
SRR12625672.25106983	103832190	16	103832347	42M108S	272	44625414	107H23M20H
SRR12625672.25115818	72146537	0	72146151	104M46S	2064	72146626	49M101H
SRR12625672.25180399	110002624	16	110002725	111M39S	2048	110194642	39M111H
SRR12625672.25287876	107229874	16	107229928	94M56S	272	98191732	51M99H
SRR12625672.25425778	39677522	0	39688837	110M40S	2064	39677655	42M108H
SRR12625672.25702297	143179987	16	143180078	50M100S	256	134785818	100H27M23H
SRR12625672.25705743	40096044	16	40096136	112M38S	2048	40153599	39M111H
SRR12625672.25892267	71616585	16	71616649	92M58S	2048	127810655	24M126H
SRR12625672.25979436	71622742	2064	71622870	54M96H	2064	102611909	69H27M54H
SRR12625672.26043085	48957482	16	48957569	107M43S	2048	48957878	43M107H
SRR12625672.26154894	18343385	16	18343449	90M60S	2048	18354704	61M89H
SRR12625672.26235487	71616550	0	11159640	104M46S	2064	71616693	47M103H
SRR12625672.26285658	153588039	16	153588082	109M41S	2048	153588530	42M108H
SRR12625672.26305048	133094709	16	133094830	79M71S	272	21934712	110H25M15H
SRR12625672.26493806	134460252	16	134460273	114M36S	2048	134460616	36M114H
SRR12625672.26535791	154437586	0	154437559	57M93S	2064	44282625	71H22M57H
SRR12625672.26555188	127546974	16	127547056	49M101S	272	65092483	18H27M105H
SRR12625672.26561814	47756528	16	47756577	100M50S	2048	47755521	36M114H
SRR12625672.26642999	89564322	0	89564342	112M38S	256	129335869	63M87H
SRR12625672.26709275	71607583	16	71607624	80M70S	2048	153588119	70M80H
SRR12625672.26729427	53077667	16	53077732	94M56S	2048	46912238	56M94H
SRR12625672.26852858	24465076	16	24465119	116M34S	2048	2939519	35M115H
SRR12625672.26903329	71622268	16	71622293	103M47S	2048	71616692	47M103H
SRR12625672.2703544	72306731	0	72306690	44M106S	2048	27809506	88H25M37H
SRR12625672.27154916	18354683	16	18354799	40M110S	272	75290747	72H28M50H
SRR12625672.27318777	339206	16	339273	11S109M30S	2064	97919045	120H24M6H
SRR12625672.27462954	55488600	16	55488640	113M37S	2048	54808278	13H24M113H
SRR12625672.27529425	130125601	0	154019918	56M94S	2064	130125695	53M97H
SRR12625672.2761176	72306737	0	72306652	71M79S	2048	35499526	73H22M55H
SRR12625672.27620333	55707031	16	55707108	75M75S	256	93645859	102H42M6H
SRR12625672.27657112	68930578	16	68930678	100M50S	2048	107802339	50M100H
SRR12625672.27766274	153494805	0	153494821	39M111S	2064	139852452	50H23M77H
SRR12625672.27867117	53256791	16	53256861	89M61S	2048	53248639	61M89H
SRR12625672.27995082	1452954	16	1453018	95M55S	2048	1392321	56M94H
SRR12625672.28290587	41334566	16	41334664	101M49S	2064	41333848	98H32M20H
SRR12625672.28313993	149711933	0	149711900	35M115S	2064	44282621	64H26M60H
SRR12625672.28323526	387008	0	394266	98M52S	2064	387109	53M97H
SRR12625672.28504403	24465041	16	24465108	115M35S	2048	38065548	34M116H
SRR12625672.28509445	48349723	16	48349792	56M94S	272	52606350	7H30M113H
SRR12625672.28547786	103832217	16	103832339	57M93S	256	14001759	50H30M70H
SRR12625672.28567819	134914305	16	134914389	79M71S	2048	134807154	73M77H
SRR12625672.28724980	72306795	0	72306675	51M99S	2048	73970792	46H22M82H
SRR12625672.28819145	129823589	16	129823702	35M115S	2048	153599175	92H22M36H
SRR12625672.2885714	72146511	16	72146574	96M54S	2048	72148435	55M95H
SRR12625672.29189448	18354611	16	18354679	55M95S	272	41611681	115H22M13H
SRR12625672.29305491	47722861	0	47721828	80M70S	2064	47722907	71M79H
SRR12625672.29310179	153588090	16	153588146	92M58S	2048	153590306	59M91H
SRR12625672.29317860	136497008	16	136497142	97M53S	2048	139483900	53M97H
SRR12625672.29451023	41334449	16	41334494	5S116M29S	2048	41539270	30M120H
SRR12625672.29515880	130402009	16	130402029	117M33S	2048	16651184	5H27M118H
SRR12625672.29546373	135022428	16	135022478	105M45S	2048	107756328	45M105H
SRR12625672.29583581	40647420	16	40647492	93M57S	2048	41169305	57M93H
SRR12625672.29664796	72079893	16	72079931	91M59S	2048	72078317	60M90H
SRR12625672.29946281	23727264	16	23727317	70M80S	2048	24692855	28M122H
SRR12625672.3001211	56563411	0	56563447	28S106M16S	2048	56563803	30M120H
SRR12625672.30018312	49164105	16	49164134	97M53S	2048	49166413	53M97H
SRR12625672.30056894	98323849	16	98323882	112M38S	2064	134485514	107H23M20H
SRR12625672.30060231	8784818	16	8784866	81M69S	2048	21374139	69M81H
SRR12625672.30148715	119758737	16	119758808	93M57S	2048	119845789	58M92H
SRR12625672.30238712	154019820	0	154053422	109M41S	2064	154019960	41M109H
SRR12625672.30290859	72306714	0	72306690	33M117S	2064	119970379	39H22M89H
SRR12625672.30306093	52095286	16	52095334	101M49S	2048	69165461	52M98H
SRR12625672.30308923	72306793	0	72306652	71M79S	2048	54530148	72H24M54H
SRR12625672.30328738	21374025	16	21374078	91M59S	2048	21375772	61M89H
SRR12625672.30542981	72306756	0	72306697	26M124S	2048	13106112	81H23M46H
SRR12625672.3054904	37678263	16	37678306	113M37S	2048	37680028	37M113H
SRR12625672.30647114	10173129	16	10173243	70M80S	2048	18354683	37M113H
SRR12625672.30710431	21374002	16	21374087	110M40S	2048	21674859	37M113H
SRR12625672.30770367	56563145	16	56563193	93M57S	2048	56563493	59M91H
SRR12625672.30868040	131689959	16	131690047	95M55S	272	131695945	75M75H
SRR12625672.30883314	56980691	16	56980723	101M49S	2048	56563505	49M101H
SRR12625672.30907735	39688754	0	43962114	118M32S	2064	39688967	32M118H
SRR12625672.30997451	103832253	16	103832319	104M46S	2048	103857794	48M102H
SRR12625672.31005432	72306756	0	72306652	71M79S	2048	35499526	73H22M55H
SRR12625672.31024732	72306714	0	103203612	108S26M16S	2048	72306700	23M127H
SRR12625672.31087247	19638385	16	19638434	105M45S	2048	19702353	45M105H
SRR12625672.31147483	39688753	16	39688819	101M49S	2048	40009776	52M98H
SRR12625672.31157378	154357253	16	154357310	98M52S	2048	154463991	52M98H
SRR12625672.31159724	153494851	0	153494817	57M93S	2048	103203612	50H24M76H
SRR12625672.3123143	154437563	0	154437562	54M96S	2064	44282625	73H22M55H
SRR12625672.31267469	72306767	0	72306700	23M127S	2048	36949612	123H22M5H
SRR12625672.31296845	149711952	0	149711887	48M102S	2048	134944785	88H22M40H
SRR12625672.31314088	387013	16	387059	105M45S	2048	335792	24M126H
SRR12625672.31466810	18354577	16	18354637	97M53S	2048	20701743	15H38M97H
SRR12625672.3166791	103832217	16	103832289	94M56S	2048	103740629	26H31M93H
SRR12625672.3177619	37650332	0	37433284	75M75S	2064	37650411	75M75H
SRR12625672.31791736	48918820	16	48918887	66M84S	2048	48917193	20H42M88H
SRR12625672.32245458	71616670	16	71616753	91M59S	2048	71652187	31M119H
SRR12625672.32273230	119758638	0	112855963	95M55S	2064	119758751	51M99H
SRR12625672.32296561	53256778	16	53256826	112M38S	2048	53254383	39M111H
SRR12625672.32410717	25017860	16	25017968	106M44S	2048	25017169	13H31M106H
SRR12625672.32606411	72129750	16	72129782	114M36S	2048	72153078	36M114H
SRR12625672.32789333	53256846	16	53256889	112M38S	2048	53247430	41M109H
SRR12625672.3280631	18354678	16	18354748	102M48S	2064	19762945	102H34M14H
SRR12625672.32822299	110002722	16	110002771	100M50S	2048	110065428	51M99H
SRR12625672.32847397	47823908	16	47823993	55M95S	256	68554405	102H28M20H
SRR12625672.32870877	53256789	0	53259847	99M51S	2064	53256948	52M98H
SRR12625672.32876358	25422317	16	25422423	48M102S	256	23572537	101H29M20H
SRR12625672.33094455	135984303	16	135984355	99M51S	2048	135985378	51M99H
SRR12625672.33151038	119758593	16	119758743	46M104S	2048	53731643	43H27M80H
SRR12625672.33190969	44157680	0	44157691	52M98S	2064	44282621	80H24M46H
SRR12625672.33210897	153727365	16	153727410	109M41S	2048	153647234	42M108H
SRR12625672.33301031	72306731	0	72306652	71M79S	2048	35499526	73H22M55H
SRR12625672.33353323	21373593	16	21373685	71M79S	2064	21374139	71H66M13H
SRR12625672.33410782	8800880	0	8800834	42M108S	2048	17737426	56H27M67H
SRR12625672.33411699	39688754	16	39688856	88M62S	2048	41326773	62M88H
SRR12625672.33479387	41086025	16	41086066	100M50S	2048	41085497	50M100H
SRR12625672.33560087	139932590	0	139931911	77M73S	2064	139932673	73M77H
SRR12625672.33592630	387008	16	387086	84M66S	2048	318989	66M84H
SRR12625672.33631694	72306613	0	72306627	96M54S	2048	17737429	97H22M31H
SRR12625672.33659021	139932443	16	139932563	101M49S	2048	133460907	49M101H
SRR12625672.33723079	140504634	16	140504678	116M34S	2048	139465557	36M114H
SRR12625672.33887428	53256835	16	53256869	115M35S	2048	53255823	36M114H
SRR12625672.33911747	72306756	0	72306695	28M122S	2048	54530147	123H24M3H
SRR12625672.34047612	149711933	0	149711908	22M128S	2064	44282621	110H22M18H
SRR12625672.34399520	153509847	16	153509925	95M55S	2048	153507677	58M92H
SRR12625672.34403307	72306750	0	72306652	39S78M33S	2064	142328272	114H23M13H
SRR12625672.34440744	71616670	16	71616781	25M125S	2048	24030154	18H24M108H
SRR12625672.34584377	153588054	16	153588093	95M55S	2048	149491252	55M95H
SRR12625672.3468887	19117393	16	19117464	82M68S	2048	19122440	51M99H
SRR12625672.34762141	72306676	0	72306652	71M79S	2048	103203615	87H26M37H
SRR12625672.34792737	19887265	16	19887324	110M40S	2048	19884115	16H24M110H
SRR12625672.34827859	110002696	16	110002741	109M41S	2048	118267569	18H23M109H
SRR12625672.3488421	55488571	16	55488685	83M67S	2048	55488275	15H53M82H
SRR12625672.34892285	7148127	16	7148222	56M94S	2048	130658113	29H27M94H
SRR12625672.35153588	149711926	0	149711869	62M88S	256	136659920	85H24M41H
SRR12625672.35188679	149711937	0	149711894	41M109S	2048	17737431	56H22M72H
SRR12625672.35316403	149711955	0	149711917	23M127S	2048	103203619	14H22M114H
SRR12625672.35334155	64205630	16	64205659	112M38S	2048	64200394	29M121H
SRR12625672.35413035	149711924	0	149711910	25M125S	2064	154806441	78H22M50H
SRR12625672.35414699	153868749	16	153868827	84M66S	2048	153712482	67M83H
SRR12625672.35618023	71617117	16	71617184	95M55S	2048	71616682	55M95H
SRR12625672.35628780	21374015	0	21398401	95M55S	2064	21374121	56M94H
SRR12625672.35748782	58005737	16	58005813	46M104S	256	74043622	103H31M16H
SRR12625672.36124617	72306744	16	72306791	117M33S	2048	72306369	34M116H
SRR12625672.36162010	135983146	16	135983204	88M62S	2048	135985429	17H45M88H
SRR12625672.36281688	58505062	16	58486869	35M115S	272	58505154	35M115H
SRR12625672.36772557	18918502	0	18354683	116M34S	2064	18918624	37M113H
SRR12625672.36819665	139446347	16	139446476	62M88S	256	18559844	88H51M11H
SRR12625672.36948204	72306731	0	72306688	35M115S	2064	17737421	57H22M71H
SRR12625672.36994751	153517546	0	153517550	33M117S	2048	103203617	62H24M64H
SRR12625672.37103026	151179050	0	151179010	36M114S	2064	44282621	61H26M63H
SRR12625672.37152082	7137559	0	7148144	103M47S	2064	7137704	47M103H
SRR12625672.37153748	153944741	0	154528977	97M53S	2064	153944817	54M96H
SRR12625672.37359901	130522533	16	130522564	106M44S	272	62958110	58M92H
SRR12625672.37379514	53322287	16	53322307	100M50S	2048	53256858	49M101H
SRR12625672.37463267	153509684	16	153509760	112M38S	2048	153558551	39M111H
SRR12625672.37669683	19344209	16	19344284	93M57S	2048	19653924	58M92H
SRR12625672.37742365	136472784	16	136472822	111M39S	2064	131058046	108H25M17H
SRR12625672.37768968	72306721	0	72306652	23S71M56S	2048	78184575	25M125H
SRR12625672.37838607	121203492	16	121203595	72M78S	2048	111681085	39H39M72H
SRR12625672.37946821	72306735	0	72306688	35M115S	2048	54530147	37H22M91H
SRR12625672.37987561	72306731	0	45005962	112S23M15S	2048	72306700	23M127H
SRR12625672.38008145	111853917	16	111853967	112M38S	2048	111853149	38M112H
SRR12625672.38048357	24573716	16	24573759	84M66S	2048	53757146	26M124H
SRR12625672.38286028	55074808	16	55074905	58M92S	2048	56563504	45H47M58H
SRR12625672.38337807	151636162	16	151636190	119M31S	2048	151397061	27M123H
SRR12625672.38401231	64205600	0	57583351	121M29S	2064	64205715	30M120H
SRR12625672.38406109	129843327	16	129843405	121M29S	2048	129842438	30M120H
SRR12625672.3849749	41397787	16	41397813	104M46S	272	47411210	5H75M70H
SRR12625672.38518505	46985659	0	46759012	79M71S	2064	46985724	71M79H
SRR12625672.38554291	153400769	0	153400750	64M86S	2064	44282621	49H22M79H
SRR12625672.38630194	117548117	272	76888207	8H75M67H	256	117548127	71H75M4H
SRR12625672.38946928	21374116	16	21374116	2S118M30S	2048	21408035	31M119H
SRR12625672.3904314	72306812	16	72306876	89M61S	2048	72304159	63M87H
SRR12625672.39298909	53256789	16	53256865	102M48S	2048	53260574	48M102H
SRR12625672.39321965	56678825	16	56678882	70M80S	2048	154546961	24H56M70H
SRR12625672.39347075	19545010	16	19545052	102M48S	2048	41334546	48M102H
SRR12625672.39374480	153509844	16	153509912	106M44S	2048	153509422	45M105H
SRR12625672.39553151	153588091	16	153588225	100M50S	2048	153685615	52M98H
SRR12625672.39652203	3619218	16	3619262	82M68S	2048	3620624	68M82H
SRR12625672.39859640	11148455	16	11148538	69M81S	2048	11158292	62M88H
SRR12625672.39948804	149292234	16	149292312	77M73S	2048	149259273	52H23M75H
SRR12625672.40226648	72306756	0	72306685	38M112S	2048	102516825	94H22M34H
SRR12625672.40295624	149720042	16	149720093	95M55S	2048	149712038	56M94H
SRR12625672.4034899	72306767	16	2330070	45S24M81S	2048	72306700	23M127H
SRR12625672.40431410	129843603	0	129843598	69M81S	2048	17737421	72H23M55H
SRR12625672.40481885	153776750	16	153776846	82M68S	2048	154019905	69M81H
SRR12625672.40885907	72306756	0	72306699	24M126S	2048	54530148	28H23M99H
SRR12625672.40934026	154374439	16	154374501	82M68S	2048	154375292	68M82H
SRR12625672.4096816	72306593	16	72306643	112M38S	2048	72305422	38M112H
SRR12625672.41011966	48891974	16	48891988	117M33S	2048	48905319	35M115H
SRR12625672.4104621	154350499	16	154350543	96M54S	2048	154349436	54M96H
SRR12625672.41085926	72306795	0	72306675	48M102S	2048	17737421	104H22M24H
SRR12625672.41437209	148500966	16	148501001	98M52S	2048	148472959	54M96H
SRR12625672.4179828	110241511	16	110241643	36M114S	272	67223555	29M121H
SRR12625672.41799390	153588079	16	153588175	38M112S	2048	34084254	61H22M67H
SRR12625672.41805281	48832139	16	48832216	104M46S	2048	12982063	32M118H
SRR12625672.42053898	74645065	16	74645087	108M42S	2048	21374136	43M107H
SRR12625672.42073033	149941090	0	149941106	12S118M20S	272	149538740	20H118M12H
SRR12625672.42077219	71616617	16	71616679	90M60S	2048	68456982	61M89H
SRR12625672.42084255	72306793	0	72306653	70M80S	2048	35499526	72H22M56H
SRR12625672.42175702	153588132	16	153588196	78M72S	272	66746900	125H22M3H
SRR12625672.42331843	58486777	16	58505154	35M115S	272	58486869	35M115H
SRR12625672.42435141	110045742	0	110022878	107M43S	2064	110045848	44M106H
SRR12625672.42436015	40119347	16	40119403	75M75S	256	78064934	100H41M9H
SRR12625672.42476644	154436912	16	154437077	78M72S	2048	154436673	19H53M78H
SRR12625672.42675111	21374125	16	21374199	110M40S	2048	18659627	42M108H
SRR12625672.42735358	1183250	16	1183356	58M92S	256	2492731	92H32M26H
SRR12625672.4277105	110002675	0	131375205	93M57S	2064	110002810	60M90H
SRR12625672.4371445	110448640	16	110448685	21S79M50S	2064	9674683	24M126H
SRR12625672.4422871	151104450	16	151104551	40M110S	272	14723398	17H22M111H
SRR12625672.4708900	18284629	16	18284688	81M69S	2048	17737203	6H64M80H
SRR12625672.4816525	49053569	0	49053582	97M53S	2064	44282624	22H23M105H
SRR12625672.4819872	52265604	16	52265721	102M48S	2048	52261874	49M101H
SRR12625672.483554	81236694	16	81236734	113M37S	2048	81236102	38M112H
SRR12625672.4917408	72306717	0	72306699	24M126S	2048	13106113	40H22M88H
SRR12625672.5085852	55488586	16	55488644	111M39S	2048	56503618	28M122H
SRR12625672.5190044	149592894	16	149776354	27S115M8S	256	149592914	8H115M27H
SRR12625672.5208944	40152817	16	40152874	117M33S	2048	40148704	36M114H
SRR12625672.5358889	86649930	16	86650106	30M120S	2048	53057664	22H22M106H
SRR12625672.5362948	50770765	16	50770888	66M84S	2048	55792217	53H34M63H
SRR12625672.5459167	153972829	16	153972906	100M50S	2048	154019455	53M97H
SRR12625672.5645188	21379135	16	9990851	52S55M43S	2064	21379213	52M98H
SRR12625672.5654314	72306801	0	46902656	2S24M124S	272	72306903	122H23M5H
SRR12625672.5685672	72306818	0	72306681	42M108S	2064	44282625	22M128H
SRR12625672.5724789	21374024	0	135442711	107M43S	2064	21374135	44M106H
SRR12625672.5756321	56276127	0	56276103	45M105S	256	140354332	32H23M95H
SRR12625672.593733	72306748	0	72306654	69M81S	2048	35499526	71H22M57H
SRR12625672.5972420	56565053	16	56565095	101M49S	2048	56563505	49M101H
SRR12625672.6290780	72306752	0	72306792	34S114M2S	2048	72309007	36M114H
SRR12625672.6302416	72306757	0	72306688	35M115S	2064	35499526	57H22M71H
SRR12625672.6438884	153509772	16	153509860	97M53S	2048	153409833	57M93H
SRR12625672.6483668	108526028	16	108526059	110M40S	2048	107116686	42M108H
SRR12625672.6508458	72306767	0	72306700	23M127S	2064	69314966	16H22M112H
SRR12625672.6517482	72306714	0	72306693	30M120S	2064	31190587	42H22M86H
SRR12625672.6569401	149712016	0	9674682	19S25M106S	2048	149711912	23M127H
SRR12625672.6581140	55648616	16	55648702	68M82S	256	154763889	10H35M105H
SRR12625672.6620452	153784400	0	152894414	86M64S	2064	153784463	65M85H
SRR12625672.6773051	154380992	16	154381002	117M33S	2048	154378718	33M117H
SRR12625672.6934176	72306731	0	54530148	24S24M102S	2048	72306700	23M127H
SRR12625672.711714	24970200	16	24970272	82M68S	272	99176476	3H50M97H
SRR12625672.7145904	55488600	16	55488640	110M40S	2048	54808278	13H24M113H
SRR12625672.7310468	153509724	16	153509774	98M52S	2048	152942484	54M96H
SRR12625672.7550016	49960199	16	49960277	86M64S	2048	49958111	64M86H
SRR12625672.7803758	68930740	16	68930812	28S68M54S	2048	68931426	54M96H
SRR12625672.8068450	41157607	0	119046077	92M58S	2064	41157676	58M92H
SRR12625672.8088490	53659470	16	53659657	46M104S	2064	133044439	104H33M13H
SRR12625672.8330126	71616560	16	71616626	111M39S	2048	71616139	40M110H
SRR12625672.8457863	7148151	16	7148166	108M42S	2048	16620256	42M108H
SRR12625672.8591345	103608167	0	103686507	100M50S	2064	103608254	52M98H
SRR12625672.8797152	25191519	16	25191576	82M68S	2048	24994111	43M107H
SRR12625672.8853273	117378364	16	117378420	89M61S	2048	113350670	61M89H
SRR12625672.8895242	387043	16	387077	93M57S	2048	20496211	57M93H
SRR12625672.895351	118495165	16	118495218	106M44S	2048	118495688	46M104H
SRR12625672.8987134	143928639	16	143928718	62M88S	272	41830616	15H45M90H
SRR12625672.9158464	39688796	0	39688831	82M68S	2048	17737421	91H22M37H
SRR12625672.9283806	72306824	16	72306824	6S120M24S	2048	72318274	25M125H
SRR12625672.9367660	135022298	16	135022340	96M54S	2048	135028145	14H40M96H
SRR12625672.9540660	71616563	16	71616692	47M103S	2048	47666621	20H22M108H
SRR12625672.9694389	153285367	0	153114426	57S60M33S	272	153285459	33H60M57H
SRR12625672.9722214	46836579	16	46836619	112M38S	2048	47058046	38M112H
SRR12625672.9922430	67097497	16	67097582	72M78S	272	115456931	42M108H
SRR12625672.9973844	149941091	16	149538736	19S117M14S	256	149941111	14H117M19H
