0	1	2	3	4	5	6	7	8	9	10	11
SRR12625672.10006867	26227650	16	26226375	57S77M16S	2064	26227720	58M92H	77	58	26226452	26227777
SRR12625672.10015809	31498163	16	31498221	97M53S	2048	37775184	53M97H	97	53	31498318	37775236
SRR12625672.10022258	71151257	16	71151297	93M57S	2048	46067426	25M125H	93	25	71151390	46067450
SRR12625672.10033738	30583666	16	30583724	99M51S	2048	24426852	53M97H	99	53	30583823	24426904
SRR12625672.10033755	26226399	16	26226546	94M56S	2064	26227980	92H23M35H	94	23	26226640	26228002
SRR12625672.10063303	37565266	0	37356807	84M66S	2064	37565327	66M84H	84	66	37356891	37565392
SRR12625672.10097140	11994124	16	11994167	106M44S	2048	11981266	46M104H	106	46	11994273	11981311
SRR12625672.10101012	70341761	16	70341863	42M108S	256	73607716	114H23M13H	42	23	70341905	73607738
SRR12625672.10131298	686603	16	687066	56S73M21S	2064	686708	57M93H	73	57	687139	686764
SRR12625672.10192960	11980032	16	11980076	104M46S	2048	11981264	46M104H	104	46	11980180	11981309
SRR12625672.10211194	26492277	16	26492419	49M101S	272	46130026	5H44M101H	49	44	26492468	46130069
SRR12625672.10214826	59084901	16	59084959	66M84S	2064	26226388	65H58M27H	66	58	59085025	26226445
SRR12625672.10232539	74405356	0	26226455	82M68S	2064	74405411	68M82H	82	68	26226537	74405478
SRR12625672.10244494	26226297	16	26226403	99M51S	2048	26227453	51M99H	99	51	26226502	26227503
SRR12625672.10248032	59265338	16	59265566	80M70S	2048	58990876	72M78H	80	72	59265646	58990947
SRR12625672.10313929	23662657	0	23662582	35M115S	2048	23959487	44H22M84H	35	22	23662617	23959508
SRR12625672.10330437	34493991	16	34494090	56M94S	256	60055014	56H27M67H	56	27	34494146	60055040
SRR12625672.10357743	46194025	16	46194088	83M67S	2048	26226390	68M82H	83	68	46194171	26226457
SRR12625672.10379840	26115358	16	26115421	89M61S	2048	26226390	62M88H	89	62	26115510	26226451
SRR12625672.10397966	59265584	0	72347566	99M51S	2064	59265730	52M98H	99	52	72347665	59265781
SRR12625672.10400168	65751110	16	65751188	104M46S	2048	65752029	47M103H	104	47	65751292	65752075
SRR12625672.10405193	74478300	0	74478269	43M107S	2064	47031013	87H22M41H	43	22	74478312	47031034
SRR12625672.10407102	12489094	16	12489136	96M54S	2048	26226397	55M95H	96	55	12489232	26226451
SRR12625672.10409254	80103210	16	80103248	107M43S	2048	80109729	32M118H	107	32	80103355	80109760
SRR12625672.10418174	32097206	16	32097268	75M75S	2048	32099169	42H34M74H	75	34	32097343	32099202
SRR12625672.10424187	70301847	16	70301963	104M46S	2048	26226400	47M103H	104	47	70302067	26226446
SRR12625672.10531658	26153634	16	26153676	85M65S	2064	26226399	85H53M12H	85	53	26153761	26226451
SRR12625672.1053185	9137289	0	55777575	84M66S	2064	9137396	66M84H	84	66	55777659	9137461
SRR12625672.1054547	35257532	16	35257609	92M58S	2048	26226393	59M91H	92	59	35257701	26226451
SRR12625672.10552744	26226323	0	26255923	80M70S	2064	26226382	71M79H	80	71	26256003	26226452
SRR12625672.10570086	26226399	16	26226429	103M47S	2048	26228382	48M102H	103	48	26226532	26228429
SRR12625672.10593440	12948230	0	12970937	91M59S	2064	12948337	59M91H	91	59	12971028	12948395
SRR12625672.10594688	31961087	16	31961187	75M75S	2048	22503177	17H22M111H	75	22	31961262	22503198
SRR12625672.10612445	26243334	0	26226345	107M43S	2064	26243431	43M107H	107	43	26226452	26243473
SRR12625672.10707701	57555778	16	57555874	71M79S	2048	57550687	55H26M69H	71	26	57555945	57550712
SRR12625672.10719012	26226320	0	26230876	81M69S	2064	26226383	70M80H	81	70	26230957	26226452
SRR12625672.10719626	26305351	16	26305390	102M48S	2048	26226399	48M102H	102	48	26305492	26226446
SRR12625672.10765594	26226325	16	26226353	98M52S	2048	26229888	52M98H	98	52	26226451	26229939
SRR12625672.10769226	12259088	16	12259138	96M54S	2048	12251480	55M95H	96	55	12259234	12251534
SRR12625672.10793201	26221171	16	26221295	86M64S	2064	26226399	86H52M12H	86	52	26221381	26226450
SRR12625672.10793796	37274997	16	37275220	44M106S	272	50343094	68H23M59H	44	23	37275264	50343116
SRR12625672.10794573	12308357	16	12308391	114M36S	2048	12283556	12H23M115H	114	23	12308505	12283578
SRR12625672.10946413	65751087	0	65753678	79M71S	2064	65751133	71M79H	79	71	65753757	65751203
SRR12625672.10979191	74456579	16	74456660	106M44S	2048	74460090	45M105H	106	45	74456766	74460134
SRR12625672.1099098	26226363	16	26226420	82M68S	2048	26226104	68M82H	82	68	26226502	26226171
SRR12625672.11034963	12259020	16	12259108	86M64S	2048	12259485	64M86H	86	64	12259194	12259548
SRR12625672.11040900	34358475	16	34358584	57M93S	256	42629954	102H31M17H	57	31	34358641	42629984
SRR12625672.11045657	77627439	16	77627492	101M49S	2048	59265582	53M97H	101	53	77627593	59265634
SRR12625672.11076675	26250043	16	26250096	100M50S	2048	26226402	52M98H	100	52	26250196	26226453
SRR12625672.11080847	26226319	16	26226338	114M36S	2048	26160586	36M114H	114	36	26226452	26160621
SRR12625672.11084661	12259093	256	60877331	5H49M96H	2064	12259249	26M124H	49	26	60877380	12259274
SRR12625672.11097624	26226291	0	620102	117M33S	2064	26226418	34M116H	117	34	620219	26226451
SRR12625672.11128913	26230517	16	26230565	97M53S	2048	26226398	54M96H	97	54	26230662	26226451
SRR12625672.11129347	26226330	16	26226365	86M64S	2048	35297414	64M86H	86	64	26226451	35297477
SRR12625672.1113860	49813781	16	49813819	84M66S	2048	50273562	68M82H	84	68	49813903	50273629
SRR12625672.11147470	37565178	16	37565218	112M38S	2048	37566499	40M110H	112	40	37565330	37566538
SRR12625672.1121662	26374807	0	26226375	77M73S	2064	26374895	74M76H	77	74	26226452	26374968
SRR12625672.11236700	46467875	16	46467964	95M55S	2048	46467601	56M94H	95	56	46468059	46467656
SRR12625672.11237015	23356455	16	23355898	26S37M87S	2064	23356590	29M121H	37	29	23355935	23356618
SRR12625672.11241006	34493988	16	34494122	98M52S	2048	33986700	33M117H	98	33	34494220	33986732
SRR12625672.11281343	13788349	16	13788389	106M44S	2048	12259085	44M106H	106	44	13788495	12259128
SRR12625672.1128696	26226366	16	26226378	10S115M25S	2048	26227090	2H23M125H	115	23	26226493	26227112
SRR12625672.11320033	76401725	256	76401841	32M118H	2048	24960118	92H23M35H	32	23	76401873	24960140
SRR12625672.11328514	26236357	16	26236476	79M71S	2048	26226400	20H52M78H	79	52	26236555	26226451
SRR12625672.11338262	61179163	16	61179279	39M111S	2048	62523551	47H27M76H	39	27	61179318	62523577
SRR12625672.11345665	80109646	16	80109762	79M71S	2048	43749075	72M78H	79	72	80109841	43749146
SRR12625672.11346514	12259038	16	12259089	83M67S	2048	12262390	67M83H	83	67	12259172	12262456
SRR12625672.11370385	54466738	16	54466772	89M61S	2048	26226390	61M89H	89	61	54466861	26226450
SRR12625672.1137151	12259034	16	12259072	105M45S	2048	12246968	45M105H	105	45	12259177	12247012
SRR12625672.11383273	26226317	16	26226365	90M60S	2064	26224861	89H29M32H	90	29	26226455	26224889
SRR12625672.11393624	26226334	16	26226349	105M45S	2048	26307355	46M104H	105	46	26226454	26307400
SRR12625672.11412283	26226308	16	26226337	110M40S	2048	25958255	40M110H	110	40	26226447	25958294
SRR12625672.1142243	74478230	0	74478212	98M52S	2064	11998923	25H24M101H	98	24	74478310	11998946
SRR12625672.11444999	70289045	16	70289304	118M32S	2048	70404992	32M118H	118	32	70289422	70405023
SRR12625672.11468954	46258113	0	21111335	92M58S	2064	46258220	63M87H	92	63	21111427	46258282
SRR12625672.11514458	75226688	16	75226736	103M47S	2048	75171336	47M103H	103	47	75226839	75171382
SRR12625672.11532619	26235215	16	26226378	60S74M16S	2064	26235303	61M89H	74	61	26226452	26235363
SRR12625672.11557078	79068947	16	79069038	45M105S	2048	33510286	80H27M43H	45	27	79069083	33510312
SRR12625672.11571167	51438523	16	51438570	110M40S	2048	51447620	43M107H	110	43	51438680	51447662
SRR12625672.1158457	74478284	0	74478281	29M121S	2064	58347203	85H25M40H	29	25	74478310	58347227
SRR12625672.11585230	55221772	0	22020923	88M62S	2064	55221871	63M87H	88	63	22021011	55221933
SRR12625672.11599935	26092355	16	26092447	94M56S	2048	26226395	56M94H	94	56	26092541	26226450
SRR12625672.11605572	46333858	16	46333911	108M42S	2064	46335901	106H24M20H	108	24	46334019	46335924
SRR12625672.11611251	79680187	16	79680235	79M71S	2048	68633083	22M128H	79	22	79680314	68633104
SRR12625672.11611696	26232526	16	26232604	91M59S	2048	26226393	61M89H	91	61	26232695	26226453
SRR12625672.11621826	49813736	0	49165331	100M50S	2064	49813853	50M100H	100	50	49165431	49813902
SRR12625672.11648975	79061433	16	79061481	78M72S	2048	79069030	53M97H	78	53	79061559	79069082
SRR12625672.11649371	26226812	16	26226820	109M41S	2048	26226410	42M108H	109	42	26226929	26226451
SRR12625672.11649793	26324931	16	26325021	96M54S	2048	26226398	54M96H	96	54	26325117	26226451
SRR12625672.11757960	59131962	0	59131933	120M30S	2064	58347206	4H22M124H	120	22	59132053	58347227
SRR12625672.11797464	11981156	16	11981200	110M40S	2048	11947359	13H27M110H	110	27	11981310	11947385
SRR12625672.11800815	26226325	16	26226339	113M37S	2048	26275519	38M112H	113	38	26226452	26275556
SRR12625672.1182885	26226313	16	26226347	105M45S	2048	26227542	46M104H	105	46	26226452	26227587
SRR12625672.11858855	26222900	16	26223005	75M75S	2064	26226376	75H71M4H	75	71	26223080	26226446
SRR12625672.11866138	79066612	16	79066691	115M35S	2064	79069032	115H27M8H	115	27	79066806	79069058
SRR12625672.11887543	23757383	0	23757386	67M83S	2048	58460396	82H24M44H	67	24	23757453	58460419
SRR12625672.11919260	12308332	16	12308356	97M53S	2048	12308806	53M97H	97	53	12308453	12308858
SRR12625672.11945420	26226328	16	26226395	56M94S	256	41111394	63H29M58H	56	29	26226451	41111422
SRR12625672.11955819	12259080	16	12259092	110M40S	2048	11998372	41M109H	110	41	12259202	11998412
SRR12625672.11964954	74456579	16	74456796	115M35S	2048	74431187	35M115H	115	35	74456911	74431221
SRR12625672.11965396	26308321	0	26226375	76M74S	2064	26308440	74M76H	76	74	26226451	26308513
SRR12625672.11969046	26221907	16	26221972	99M51S	2048	26226399	52M98H	99	52	26222071	26226450
SRR12625672.11983328	26226361	16	26226384	105M45S	2048	26081336	22M128H	105	22	26226489	26081357
SRR12625672.12025874	35475365	16	35475452	53M97S	2048	35497348	26M124H	53	26	35475505	35497373
SRR12625672.1203063	59265540	16	59265620	105M45S	2048	59852281	45M105H	105	45	59265725	59852325
SRR12625672.12062897	26226253	16	26226388	64M86S	2048	26226026	48M102H	64	48	26226452	26226073
SRR12625672.12075528	26208080	16	26208131	94M56S	2048	26226410	15H42M93H	94	42	26208225	26226451
SRR12625672.1209166	26309715	16	26309783	76M74S	2064	26226398	76H54M20H	76	54	26309859	26226451
SRR12625672.12244955	65751081	16	65751098	102M48S	2048	26989554	51M99H	102	51	65751200	26989604
SRR12625672.12258869	11969168	16	11969208	114M36S	2048	11981274	37M113H	114	37	11969322	11981310
SRR12625672.12286212	79737972	0	79737956	54M96S	2048	11998929	70H22M58H	54	22	79738010	11998950
SRR12625672.12290106	49789982	0	6237070	92M58S	2064	49790082	58M92H	92	58	6237162	49790139
SRR12625672.12319580	26224118	16	26224165	108M42S	2048	26226408	43M107H	108	43	26224273	26226450
SRR12625672.12367826	25987963	16	25988096	85M65S	2064	26226399	84H52M14H	85	52	25988181	26226450
SRR12625672.12379720	49021047	16	49021125	94M56S	2048	49813882	56M94H	94	56	49021219	49813937
SRR12625672.12385017	26226369	16	26226376	118M32S	2048	25952748	34M116H	118	34	26226494	25952781
SRR12625672.12403346	26226308	16	26226337	114M36S	2048	48746798	36M114H	114	36	26226451	48746833
SRR12625672.1240560	7567981	16	7568079	89M61S	2048	7569684	61M89H	89	61	7568168	7569744
SRR12625672.12446418	75364852	16	75364889	117M33S	2048	75363438	33M117H	117	33	75365006	75363470
SRR12625672.12447635	79729124	16	79729253	36M114S	2064	48841678	82H23M45H	36	23	79729289	48841700
SRR12625672.12459206	26226310	16	26226353	99M51S	2048	26348289	53M97H	99	53	26226452	26348341
SRR12625672.12474135	12258082	0	12259072	116M34S	2064	12258214	34M116H	116	34	12259188	12258247
SRR12625672.12481149	37275019	16	37275092	77M73S	2048	36912951	74M76H	77	74	37275169	36913024
SRR12625672.12487629	74478241	0	74478255	55M95S	2048	76822303	108H22M20H	55	22	74478310	76822324
SRR12625672.12493060	74478231	0	74478235	75M75S	2064	11998922	40H25M85H	75	25	74478310	11998946
SRR12625672.12544533	26226375	16	26226468	112M38S	2048	26233096	39M111H	112	39	26226580	26233134
SRR12625672.12579648	59696605	16	59696692	87M63S	2048	59686354	63M87H	87	63	59696779	59686416
SRR12625672.1258008	26090438	16	26090478	102M48S	2048	26226399	45M105H	102	45	26090580	26226443
SRR12625672.12630046	23437814	16	23437877	80M70S	2048	23433556	70M80H	80	70	23437957	23433625
SRR12625672.12630583	158624	2064	158708	53M97H	256	76222389	52M98H	53	52	158761	76222440
SRR12625672.12669571	78985977	16	78986062	57M93S	256	79210456	34H25M91H	57	25	78986119	79210480
SRR12625672.12683530	75205044	16	75205075	110M40S	2048	57535624	40M110H	110	40	75205185	57535663
SRR12625672.12702865	79395748	16	79395801	37S88M25S	2048	79396562	25M125H	88	25	79395889	79396586
SRR12625672.12809184	57567717	0	26226340	110M40S	2064	57567813	41M109H	110	41	26226450	57567853
SRR12625672.12810020	11944598	16	11944660	114M36S	2048	11981269	36M114H	114	36	11944774	11981304
SRR12625672.12816100	74456517	16	74456622	92M58S	2048	74457622	58M92H	92	58	74456714	74457679
SRR12625672.12859835	47931662	16	47931774	56M94S	2064	860320	113H23M14H	56	23	47931830	860342
SRR12625672.12867839	74478400	0	74478260	50M100S	2048	58347206	74H22M54H	50	22	74478310	58347227
SRR12625672.12900356	75681176	16	75681234	99M51S	2064	59308688	99H44M7H	99	44	75681333	59308731
SRR12625672.1291719	75205012	16	75205076	108M42S	2048	75201565	43M107H	108	43	75205184	75201607
SRR12625672.12949392	79066612	16	79066691	115M35S	2064	79069037	120H22M8H	115	22	79066806	79069058
SRR12625672.12965544	65751047	16	65751195	35M115S	2048	46768363	60H22M68H	35	22	65751230	46768384
SRR12625672.13010846	48408209	0	48409039	80M70S	2064	48408372	74M76H	80	74	48409119	48408445
SRR12625672.13016424	25503612	16	25503698	36M114S	256	52204749	85H22M43H	36	22	25503734	52204770
SRR12625672.13023197	78309515	16	78309578	77M73S	2048	78304803	74M76H	77	74	78309655	78304876
SRR12625672.13026382	12259020	16	12259092	88M62S	2048	12257201	62M88H	88	62	12259180	12257262
SRR12625672.13035745	5572862	16	5572882	120M30S	2048	5563186	30M120H	120	30	5573002	5563215
SRR12625672.1308911	26226350	16	26226368	2S121M27S	2048	26229508	27M123H	121	27	26226489	26229534
SRR12625672.13125319	26226398	16	26226506	101M49S	2048	22082807	51M99H	101	51	26226607	22082857
SRR12625672.13135120	42525973	16	42526045	88M62S	2048	42527564	42M108H	88	42	42526133	42527605
SRR12625672.13141372	37275043	16	37275070	110M40S	2048	36693976	22M128H	110	22	37275180	36693997
SRR12625672.13141856	37275008	16	37275089	110M40S	2048	37274265	41M109H	110	41	37275199	37274305
SRR12625672.13194421	70289094	16	70289172	48M102S	2048	66201729	46H25M79H	48	25	70289220	66201753
SRR12625672.13212804	12308306	16	12308358	95M55S	2064	12307984	95H38M17H	95	38	12308453	12308021
SRR12625672.13220873	35573877	2064	26226410	33H42M75H	2064	35573981	33M117H	42	33	26226452	35574013
SRR12625672.13224632	49166762	0	12259072	81M69S	2064	49166825	71M79H	81	71	12259153	49166895
SRR12625672.13283310	32093558	16	32093656	81M69S	2064	26226398	80H54M16H	81	54	32093737	26226451
SRR12625672.13331912	3591376	0	3448238	78M72S	2064	3591452	72M78H	78	72	3448316	3591523
SRR12625672.13355740	12259011	256	1433979	57H44M49H	2064	12259200	29M121H	44	29	1434023	12259228
SRR12625672.13380417	3453298	16	3453335	94M56S	2048	3449335	56M94H	94	56	3453429	3449390
SRR12625672.13402580	70289596	16	70289641	101M49S	2048	70287953	49M101H	101	49	70289742	70288001
SRR12625672.13418174	59265453	16	59265516	115M35S	2048	59266610	35M115H	115	35	59265631	59266644
SRR12625672.13447919	26226307	0	26226787	86M64S	2064	26226388	65M85H	86	65	26226873	26226452
SRR12625672.13474706	26226305	16	26226394	100M50S	2048	26226748	51M99H	100	51	26226494	26226798
SRR12625672.13495371	26158713	16	26158776	97M53S	2048	26226398	53M97H	97	53	26158873	26226450
SRR12625672.13506688	59265453	16	59265573	73M77S	2064	32091825	73H54M23H	73	54	59265646	32091878
SRR12625672.13507211	75205111	2064	75205220	47M103H	256	13907837	32M118H	47	32	75205267	13907868
SRR12625672.13525337	12259057	16	12259145	77M73S	2048	12264873	73M77H	77	73	12259222	12264945
SRR12625672.13562473	46738336	16	46738352	106M44S	2048	46728839	29M121H	106	29	46738458	46728867
SRR12625672.13605055	21242736	16	21242832	78M72S	2048	45357342	25M125H	78	25	21242910	45357366
SRR12625672.13610993	26226330	16	26226442	90M60S	2048	26224829	60M90H	90	60	26226532	26224888
SRR12625672.1365193	47021026	0	47026966	115M35S	256	47021051	115M35H	115	115	47027081	47021165
SRR12625672.13656463	26226737	16	26226764	97M53S	2048	26226398	54M96H	97	54	26226861	26226451
SRR12625672.13670826	65751091	16	65751224	37M113S	2064	32800927	115H24M11H	37	24	65751261	32800950
SRR12625672.13698596	11981142	16	11981204	101M49S	2048	11938053	49M101H	101	49	11981305	11938101
SRR12625672.13700602	63420085	16	63420176	45M105S	272	76556442	36M114H	45	36	63420221	76556477
SRR12625672.13712835	48054473	16	48054527	110M40S	2048	56244596	40M110H	110	40	48054637	56244635
SRR12625672.13723734	37565207	16	37565277	107M43S	2048	37288991	43M107H	107	43	37565384	37289033
SRR12625672.13776356	74478240	0	74478255	55M95S	2064	79395382	52H24M74H	55	24	74478310	79395405
SRR12625672.13781588	49275573	16	49275658	60M90S	272	186238	39M111H	60	39	49275718	186276
SRR12625672.13787643	33594361	16	33594426	83M67S	2064	25351878	114H22M14H	83	22	33594509	25351899
SRR12625672.13800182	80109683	16	80109754	81M69S	2048	79679749	71M79H	81	71	80109835	79679819
SRR12625672.13879333	12108266	16	12108330	66M84S	2064	26226398	65H49M36H	66	49	12108396	26226446
SRR12625672.13883781	78978786	16	78978878	72M78S	256	72093601	22M128H	72	22	78978950	72093622
SRR12625672.13885978	65751130	16	65751238	35M115S	2048	26586778	31H22M97H	35	22	65751273	26586799
SRR12625672.13922115	8977648	16	8977746	43M107S	2064	65053075	104H22M24H	43	22	8977789	65053096
SRR12625672.13939108	34989673	16	34989759	94M56S	2048	35497614	57M93H	94	57	34989853	35497670
SRR12625672.13950231	80109591	16	80109676	85M65S	2048	12991063	65M85H	85	65	80109761	12991127
SRR12625672.13993790	26226317	16	26226352	100M50S	2064	26228441	98H48M4H	100	48	26226452	26228488
SRR12625672.14002436	50627027	0	50627019	26M124S	2048	32379457	102H24M24H	26	24	50627045	32379480
SRR12625672.14031409	12259057	16	12259162	71M79S	2048	32617439	40H28M82H	71	28	12259233	32617466
SRR12625672.14041547	59265556	0	59265276	101M49S	2064	59265685	49M101H	101	49	59265377	59265733
SRR12625672.14086330	23756843	0	23756876	40M110S	2048	58347206	62H22M66H	40	22	23756916	58347227
SRR12625672.14090055	62523308	0	62523321	56M94S	2048	58460396	61H22M67H	56	22	62523377	58460417
SRR12625672.14109767	22021425	16	22021450	106M44S	2048	22020938	44M106H	106	44	22021556	22020981
SRR12625672.14121344	26181233	0	26226370	82M68S	2064	26181303	70M80H	82	70	26226452	26181372
SRR12625672.14171162	26226885	16	26226949	97M53S	2048	26226399	54M96H	97	54	26227046	26226452
SRR12625672.14187438	74456552	0	76154213	80M70S	2064	74456612	70M80H	80	70	76154293	74456681
SRR12625672.1420195	23262542	16	23262618	110M40S	2048	23260533	44M106H	110	44	23262728	23260576
SRR12625672.14293462	26226314	16	26226394	57M93S	2048	8504049	9H23M118H	57	23	26226451	8504071
SRR12625672.14350801	26226749	16	26226839	72M78S	2048	26226386	18H61M71H	72	61	26226911	26226446
SRR12625672.14399884	63139956	2064	63140066	55M95H	256	22283972	118H28M4H	55	28	63140121	22283999
SRR12625672.14407940	59265582	16	59265595	118M32S	2048	59267129	34M116H	118	34	59265713	59267162
SRR12625672.14497528	26371601	16	26371679	59M91S	2048	26226397	41H50M59H	59	50	26371738	26226446
SRR12625672.14502003	79586018	16	79586118	108M42S	2048	75366656	42M108H	108	42	79586226	75366697
SRR12625672.14520339	12259019	0	12256508	90M60S	2064	12259142	60M90H	90	60	12256598	12259201
SRR12625672.14555355	37274447	16	37274572	43M107S	2048	39759069	12H23M115H	43	23	37274615	39759091
SRR12625672.14626964	23834398	16	23834468	86M64S	2048	26226386	67M83H	86	67	23834554	26226452
SRR12625672.1465057	57354288	0	57353811	105M45S	2064	57354388	46M104H	105	46	57353916	57354433
SRR12625672.14700381	26545367	16	26545444	91M59S	2048	26226392	60M90H	91	60	26545535	26226451
SRR12625672.1470671	26160123	16	26160244	97M53S	2048	26226399	53M97H	97	53	26160341	26226451
SRR12625672.14754353	62141323	16	62141348	118M32S	2048	61894240	33M117H	118	33	62141466	61894272
SRR12625672.1476610	26226318	16	26226371	81M69S	256	36989800	10H31M109H	81	31	26226452	36989830
SRR12625672.14770817	11880998	16	11881098	99M51S	2064	11872670	96H34M20H	99	34	11881197	11872703
SRR12625672.1478281	37412208	16	37412272	96M54S	2048	34527905	55M95H	96	55	37412368	34527959
SRR12625672.14797863	74478261	0	74478272	45M105S	2048	58347206	60H22M68H	45	22	74478317	58347227
SRR12625672.14800044	26225464	16	26225500	97M53S	2048	26226399	2H52M96H	97	52	26225597	26226450
SRR12625672.14819495	80109639	16	80109737	106M44S	2064	79795904	102H31M17H	106	31	80109843	79795934
SRR12625672.14907968	12259038	16	12259071	103M47S	2064	12089354	102H32M16H	103	32	12259174	12089385
SRR12625672.14911395	48406744	0	48406747	24S124M2S	2048	48409424	24M126H	124	24	48406871	48409447
SRR12625672.15042499	74478260	0	74478255	55M95S	2064	76493324	28H24M98H	55	24	74478310	76493347
SRR12625672.15056726	59265596	16	59265610	116M34S	2048	59263781	35M115H	116	35	59265726	59263815
SRR12625672.15061903	11981134	16	11981208	105M45S	2064	12308674	105H29M16H	105	29	11981313	12308702
SRR12625672.15065879	74456523	16	74456600	112M38S	2048	75498475	39M111H	112	39	74456712	75498513
SRR12625672.15141100	74478294	0	74478277	33M117S	2064	11998920	80H27M43H	33	27	74478310	11998946
SRR12625672.15167446	28176844	0	28176855	64M86S	2048	11998924	56H23M71H	64	23	28176919	11998946
SRR12625672.15288949	59308680	16	59308750	98M52S	2048	59265593	52M98H	98	52	59308848	59265644
SRR12625672.15307966	12259019	16	12259120	102M48S	2064	12257905	101H33M16H	102	33	12259222	12257937
SRR12625672.15314990	74456492	16	74456535	111M39S	2048	74471626	39M111H	111	39	74456646	74471664
SRR12625672.1537873	48487730	16	48487768	92M58S	2048	48409418	59M91H	92	59	48487860	48409476
SRR12625672.15380413	11943190	16	11943233	108M42S	2048	11981269	42M108H	108	42	11943341	11981310
SRR12625672.15393104	23108045	0	23135610	93M57S	2064	23108106	59M91H	93	59	23135703	23108164
SRR12625672.15396697	23108045	0	23135610	92M58S	2064	23108106	57M93H	92	57	23135702	23108162
SRR12625672.15396741	46738321	16	46738343	115M35S	2064	22918345	116H26M8H	115	26	46738458	22918370
SRR12625672.15406757	27694634	16	27694735	45M105S	256	61180645	104H23M23H	45	23	27694780	61180667
SRR12625672.15457891	9397433	16	9397454	115M35S	2048	9334598	35M115H	115	35	9397569	9334632
SRR12625672.15458092	34493981	0	34497985	80M70S	2064	34494030	71M79H	80	71	34498065	34494100
SRR12625672.15472173	74478251	0	74478277	33M117S	2048	36297657	109H22M19H	33	22	74478310	36297678
SRR12625672.15475364	26225464	16	26225500	93M57S	2048	26226399	2H52M96H	93	52	26225593	26226450
SRR12625672.15487745	31278327	16	31278353	102M48S	2048	26226403	48M102H	102	48	31278455	26226450
SRR12625672.15496291	12259043	0	37581390	102M48S	2064	12259146	48M102H	102	48	37581492	12259193
SRR12625672.15552372	37779322	0	37779321	34M116S	2048	58460396	38H22M90H	34	22	37779355	58460417
SRR12625672.15590111	58839570	0	59899621	86M64S	2048	58839574	85H55M10H	86	55	59899707	58839628
SRR12625672.1580746	12258876	16	12259159	43M107S	2048	48472658	47H22M81H	43	22	12259202	48472679
SRR12625672.15822720	22487888	16	22487955	99M51S	2048	26226398	14H38M98H	99	38	22488054	26226435
SRR12625672.15846991	41317785	16	41317883	43M107S	256	31550071	112H29M9H	43	29	41317926	31550099
SRR12625672.1587109	12308351	16	12308397	108M42S	2048	12296371	42M108H	108	42	12308505	12296412
SRR12625672.15871644	9596036	16	9596056	117M33S	2048	9334602	33M117H	117	33	9596173	9334634
SRR12625672.15908221	26226290	16	26226371	82M68S	2048	54991768	69M81H	82	69	26226453	54991836
SRR12625672.15972137	26464852	0	26226390	17S62M71S	2064	26464960	55M95H	62	55	26226452	26465014
SRR12625672.15997826	74478294	0	74478286	26M124S	2048	75005697	99H22M29H	26	22	74478312	75005718
SRR12625672.16016976	12247688	16	12247838	93M57S	2064	12308357	93H36M21H	93	36	12247931	12308392
SRR12625672.16073475	35503844	16	35503901	117M33S	2048	35497637	34M116H	117	34	35504018	35497670
SRR12625672.16101854	26226308	16	26226339	113M37S	2048	26232252	38M112H	113	38	26226452	26232289
SRR12625672.1614759	79395780	16	79395791	110M40S	2048	79633459	40M110H	110	40	79395901	79633498
SRR12625672.16262817	65483524	16	65483591	90M60S	272	3066292	52H45M53H	90	45	65483681	3066336
SRR12625672.16293761	48950423	16	48950443	117M33S	2048	49376223	35M115H	117	35	48950560	49376257
SRR12625672.16328281	59266016	16	59266070	90M60S	2048	59265590	61M89H	90	61	59266160	59265650
SRR12625672.16352617	26152560	16	26226378	59S74M17S	2064	26152671	60M90H	74	60	26226452	26152730
SRR12625672.16354367	48408945	0	48408897	28M122S	2064	12272150	94H26M30H	28	26	48408925	12272175
SRR12625672.16361378	26226331	0	26226335	117M33S	2064	26226653	10H24M116H	117	24	26226452	26226676
SRR12625672.16395431	26226297	0	24346519	96M54S	2064	26226397	55M95H	96	55	24346615	26226451
SRR12625672.16455610	11979757	0	11981230	80M70S	2064	11979899	71M79H	80	71	11981310	11979969
SRR12625672.16464971	2906857	16	2906933	94M56S	2048	7823350	56M94H	94	56	2907027	7823405
SRR12625672.1646655	79912334	16	79912386	93M57S	2048	79911767	57M93H	93	57	79912479	79911823
SRR12625672.16483268	26090507	16	26090549	73M77S	2064	26226395	73H58M19H	73	58	26090622	26226452
SRR12625672.16494695	46917287	16	46917356	94M56S	2048	46914269	56M94H	94	56	46917450	46914324
SRR12625672.16498903	59265546	16	59265633	47M103S	2048	74930208	69H22M59H	47	22	59265680	74930229
SRR12625672.16510912	57435457	0	57435439	43M107S	2048	58347206	113H22M15H	43	22	57435482	58347227
SRR12625672.16558940	26168619	16	26168782	61M89S	2048	26226399	36H53M61H	61	53	26168843	26226451
SRR12625672.16563410	79788199	16	79788284	108M42S	2048	79865578	42M108H	108	42	79788392	79865619
SRR12625672.16580460	74478295	0	74478277	33M117S	2048	58347206	57H22M71H	33	22	74478310	58347227
SRR12625672.16585249	12259062	16	12259174	108M42S	2048	12259650	42M108H	108	42	12259282	12259691
SRR12625672.16592613	74478258	0	74478273	37M113S	2064	11998924	80H23M47H	37	23	74478310	11998946
SRR12625672.16638782	48172186	16	48172256	109M41S	2048	48173899	41M109H	109	41	48172365	48173939
SRR12625672.16647307	74478257	0	74478227	83M67S	2064	58347206	32H22M96H	83	22	74478310	58347227
SRR12625672.1669825	26411980	0	26411984	51S95M4S	2048	26226399	52M98H	95	52	26412079	26226450
SRR12625672.16710508	26505576	16	26505632	93M57S	2048	26226388	59M91H	93	59	26505725	26226446
SRR12625672.16721089	74456937	16	74456971	115M35S	2048	74450261	36M114H	115	36	74457086	74450296
SRR12625672.16763215	59265452	0	34901839	80M70S	2064	59265579	72M78H	80	72	34901919	59265650
SRR12625672.16806593	74478290	0	74478277	35M115S	2048	58347206	57H22M71H	35	22	74478312	58347227
SRR12625672.16859054	74478272	0	74478277	35M115S	2048	11998920	73H27M50H	35	27	74478312	11998946
SRR12625672.16927496	62384732	16	62384794	99M51S	2048	62339225	52M98H	99	52	62384893	62339276
SRR12625672.1692896	74478303	0	74478282	35M115S	2048	11998920	52H23M75H	35	23	74478317	11998942
SRR12625672.16988700	59265554	256	80262914	58H51M41H	2064	59265756	41M109H	51	41	80262965	59265796
SRR12625672.17026904	74478294	0	74478286	26M124S	2048	11998929	92H23M35H	26	23	74478312	11998951
SRR12625672.17056169	26226358	0	26226378	22S116M12S	2048	26232259	22M128H	116	22	26226494	26232280
SRR12625672.17081249	37565162	16	37565216	102M48S	2048	37748421	50M100H	102	50	37565318	37748470
SRR12625672.17089737	37275000	0	37275008	86M64S	2064	76493324	40H23M87H	86	23	37275094	76493346
SRR12625672.17101876	59325169	16	59325262	113M37S	2064	59768639	113H22M15H	113	22	59325375	59768660
SRR12625672.17191015	47870565	16	26226379	70S74M6S	2064	47870652	70M80H	74	70	26226453	47870721
SRR12625672.17208803	59251726	16	59251773	100M50S	2048	59265595	51M99H	100	51	59251873	59265645
SRR12625672.17213959	60706344	16	67249841	33M117S	272	60706488	32M118H	33	32	67249874	60706519
SRR12625672.17298988	78651654	0	78651625	28M122S	2064	52396275	47H24M79H	28	24	78651653	52396298
SRR12625672.17315157	21242824	16	21242886	88M62S	2048	21241586	63M87H	88	63	21242974	21241648
SRR12625672.17375278	74456547	0	74456216	93M57S	2064	74456655	57M93H	93	57	74456309	74456711
SRR12625672.17410171	79395748	16	79395797	33S92M25S	2048	79396562	25M125H	92	25	79395889	79396586
SRR12625672.17410308	26130174	16	26130264	79M71S	2048	26226375	73M77H	79	73	26130343	26226447
SRR12625672.17452828	23401966	0	26226368	17S84M49S	2064	23402068	50M100H	84	50	26226452	23402117
SRR12625672.17474864	25516853	16	25516906	74M76S	2048	26226399	24H53M73H	74	53	25516980	26226451
SRR12625672.1752949	54466738	16	54466775	3S86M61S	2048	26226390	61M89H	86	61	54466861	26226450
SRR12625672.17539446	26239652	16	26239694	102M48S	2048	26226399	48M102H	102	48	26239796	26226446
SRR12625672.17548598	74478274	0	74478275	35M115S	2064	11998924	82H23M45H	35	23	74478310	11998946
SRR12625672.17549856	70289026	0	70284126	94M56S	2064	70289204	56M94H	94	56	70284220	70289259
SRR12625672.17562357	26226301	16	26226348	106M44S	2048	26543191	46M104H	106	46	26226454	26543236
SRR12625672.17606314	62523315	0	62523318	60M90S	2048	11998924	59H23M68H	60	23	62523378	11998946
SRR12625672.17610456	74478291	0	74478281	29M121S	2064	11998922	86H25M39H	29	25	74478310	11998946
SRR12625672.17632109	12259034	16	12259056	97M53S	2048	12230547	53M97H	97	53	12259153	12230599
SRR12625672.17632301	12308293	16	12308359	107M43S	2048	12301804	16H31M103H	107	31	12308466	12301834
SRR12625672.17648178	12287320	16	12287325	110M40S	2048	12247838	41M109H	110	41	12287435	12247878
SRR12625672.17658486	79068911	272	3095502	43H50M57H	2064	79069016	43M107H	50	43	3095552	79069058
SRR12625672.17662113	12259023	16	12259116	106M44S	2064	2347251	106H27M17H	106	27	12259222	2347277
SRR12625672.17686269	59265723	16	59265575	112M38S	2048	59264839	39M111H	112	39	59265687	59264877
SRR12625672.17732969	12258997	0	12347574	82M68S	2064	12259081	68M82H	82	68	12347656	12259148
SRR12625672.17745173	48054440	0	44821038	89M61S	2064	48054530	62M88H	89	62	44821127	48054591
SRR12625672.17776501	26226310	16	26226374	78M72S	256	39079932	21H23M106H	78	23	26226452	39079954
SRR12625672.17824107	26289783	0	26226378	69M81S	2064	26289867	54M96H	69	54	26226447	26289920
SRR12625672.17845733	22020477	0	22020869	102M48S	2064	22020549	48M102H	102	48	22020971	22020596
SRR12625672.17855302	37565208	16	37565291	52M98S	2064	2100277	82H22M46H	52	22	37565343	2100298
SRR12625672.17920385	26232558	16	26232624	80M70S	2048	26226375	72M78H	80	72	26232704	26226446
SRR12625672.18017373	76806116	0	76430383	101M49S	2064	76806253	50M100H	101	50	76430484	76806302
SRR12625672.18066904	26226369	16	26226407	87M63S	2048	26175572	65M85H	87	65	26226494	26175636
SRR12625672.18165684	48407798	16	48407857	96M54S	2048	48409408	55M95H	96	55	48407953	48409462
SRR12625672.1816964	78994543	16	78994590	101M49S	2048	78886966	51M99H	101	51	78994691	78887016
SRR12625672.18278940	31498084	16	31498154	80M70S	2048	31819492	70M80H	80	70	31498234	31819561
SRR12625672.18338648	37565185	0	37561398	105M45S	2064	37565282	45M105H	105	45	37561503	37565326
SRR12625672.18354671	74478300	0	74477633	78M72S	2048	74478289	78H23M49H	78	23	74477711	74478311
SRR12625672.18371050	43590205	16	43590223	115M35S	2048	12003450	5H31M114H	115	31	43590338	12003480
SRR12625672.18373709	25920573	16	26226378	60S73M17S	2064	25920761	61M89H	73	61	26226451	25920821
SRR12625672.18409613	12307879	16	12307948	78M72S	2048	12273201	73M77H	78	73	12308026	12273273
SRR12625672.18445696	26225373	2064	26225482	57M93H	272	22228914	35M115H	57	35	26225539	22228948
SRR12625672.18462100	8948421	0	8951557	108M42S	2064	8948593	43M107H	108	43	8951665	8948635
SRR12625672.18481636	11677955	16	11678007	95M55S	2048	11981254	56M94H	95	56	11678102	11981309
SRR12625672.18526331	74478400	0	74478289	34M116S	2048	23959487	40H22M88H	34	22	74478323	23959508
SRR12625672.18617269	79555983	16	79556022	81M69S	2048	11040384	72M78H	81	72	79556103	11040455
SRR12625672.18673454	37274943	16	37275206	36M114S	272	46546367	80H23M47H	36	23	37275242	46546389
SRR12625672.18678063	37565258	16	37565293	90M60S	2048	37568204	60M90H	90	60	37565383	37568263
SRR12625672.18680634	26029291	16	26029374	79M71S	2048	26090184	21H51M78H	79	51	26029453	26090234
SRR12625672.1870136	63319940	16	63320012	85M65S	2064	23662902	94H23M33H	85	23	63320097	23662924
SRR12625672.1872948	26296682	0	26226399	89M61S	2064	26296770	62M88H	89	62	26226488	26296831
SRR12625672.18756433	3449516	0	3449509	30M120S	2048	58460396	43H22M85H	30	22	3449539	58460417
SRR12625672.18756634	79680151	16	79680267	108M42S	2048	79679777	42M108H	108	42	79680375	79679818
SRR12625672.18765544	11981156	16	11981218	86M64S	2048	11789935	64M86H	86	64	11981304	11789998
SRR12625672.18830721	59265516	0	59432786	84M66S	2064	59265613	66M84H	84	66	59432870	59265678
SRR12625672.18838765	26463436	16	26463528	60M90S	256	54156820	90H39M21H	60	39	26463588	54156858
SRR12625672.18891917	37253784	16	37253838	108M42S	2048	61694771	43M107H	108	43	37253946	61694813
SRR12625672.18896536	26226355	0	26226378	22S116M12S	2048	26232259	22M128H	116	22	26226494	26232280
SRR12625672.18902785	37274923	16	37274991	104M46S	2064	44852679	104H32M14H	104	32	37275095	44852710
SRR12625672.19062036	26153634	16	26153676	85M65S	2064	26226403	89H49M12H	85	49	26153761	26226451
SRR12625672.19066041	35703161	16	35703235	58M92S	2064	34976948	58H23M69H	58	23	35703293	34976970
SRR12625672.19100458	23529568	16	23529599	104M46S	2048	48409402	46M104H	104	46	23529703	48409447
SRR12625672.19103477	74478256	0	74478255	57M93S	2048	58347206	79H22M49H	57	22	74478312	58347227
SRR12625672.19130533	23360439	16	26226389	50S63M37S	2064	23360520	51M99H	63	51	26226452	23360570
SRR12625672.19198295	46433310	16	46433410	51M99S	2064	62558018	115H22M13H	51	22	46433461	62558039
SRR12625672.19228118	74478276	0	74478286	31M119S	2064	12408326	100H23M27H	31	23	74478317	12408348
SRR12625672.19229678	48597162	0	48541043	107M43S	2064	48597281	43M107H	107	43	48541150	48597323
SRR12625672.19272158	79617189	0	79617198	51M99S	2064	51007016	5H22M123H	51	22	79617249	51007037
SRR12625672.19275377	34494027	0	34099669	92M58S	2064	34494214	59M91H	92	59	34099761	34494272
SRR12625672.19279957	74456547	0	13247520	77M73S	2064	74456639	73M77H	77	73	13247597	74456711
SRR12625672.19321181	11981267	16	11981336	56S71M23S	2048	58347206	121H22M7H	71	22	11981407	58347227
SRR12625672.19356424	70289127	0	73721225	107M43S	2064	70289235	43M107H	107	43	73721332	70289277
SRR12625672.19362097	78309475	16	78309503	96M54S	2048	78308142	54M96H	96	54	78309599	78308195
SRR12625672.19381017	12331004	16	12331101	32M118S	272	40313316	9H24M117H	32	24	12331133	40313339
SRR12625672.1941631	59265599	16	59265620	97M53S	2048	59627442	56M94H	97	56	59265717	59627497
SRR12625672.19461832	46738265	16	46738327	81M69S	2048	46740725	70M80H	81	70	46738408	46740794
SRR12625672.19475470	23399656	16	23399699	82M68S	2048	23399195	68M82H	82	68	23399781	23399262
SRR12625672.19515282	28176832	0	28176838	81M69S	2048	11998924	73H23M54H	81	23	28176919	11998946
SRR12625672.19557321	65751133	16	65751151	117M33S	2048	65750851	4H29M117H	117	29	65751268	65750879
SRR12625672.19596363	46420149	0	46433321	104M46S	2064	46420248	46M104H	104	46	46433425	46420293
SRR12625672.19673549	26226319	0	25941870	93M57S	2064	26226393	58M92H	93	58	25941963	26226450
SRR12625672.19722312	59265529	0	32708153	94M56S	2064	59265623	57M93H	94	57	32708247	59265679
SRR12625672.19760103	74478284	0	11998920	78S27M45S	2048	74478285	25M125H	27	25	11998947	74478309
SRR12625672.19773097	75205116	16	75205156	111M39S	2048	75208331	39M111H	111	39	75205267	75208369
SRR12625672.19802474	47650745	0	47547907	111M39S	2064	47650867	40M110H	111	40	47548018	47650906
SRR12625672.19867990	57586217	16	57586337	97M53S	2064	57599725	95H34M21H	97	34	57586434	57599758
SRR12625672.19893005	77973853	16	77973904	109M41S	2048	26136939	41M109H	109	41	77974013	26136979
SRR12625672.19902176	12259074	16	12259101	116M34S	2048	12263609	34M116H	116	34	12259217	12263642
SRR12625672.19908358	80109529	2064	80109700	56M94H	272	79949525	66H53M31H	56	53	80109756	79949577
SRR12625672.19931949	64988012	0	64988035	102M48S	2064	11998929	13H22M115H	102	22	64988137	11998950
SRR12625672.19939691	26226284	16	26226349	102M48S	256	28710499	3H24M123H	102	24	26226451	28710522
SRR12625672.19971566	37275092	0	51228541	101M49S	2064	37275171	50M100H	101	50	51228642	37275220
SRR12625672.20118505	26226399	16	26226471	54M96S	256	12242907	10H29M111H	54	29	26226525	12242935
SRR12625672.20146997	34554661	16	34554730	65M85S	272	43262916	41M109H	65	41	34554795	43262956
SRR12625672.20147126	24308743	16	24308762	102M48S	2048	55326356	49M101H	102	49	24308864	55326404
SRR12625672.20202540	55945326	0	59265536	115M35S	2064	55945426	37M113H	115	37	59265651	55945462
SRR12625672.20243120	12258938	16	12259100	104M46S	2048	51445078	20H24M106H	104	24	12259204	51445101
SRR12625672.20243367	79068935	16	79069005	75M75S	2048	10531653	75M75H	75	75	79069080	10531727
SRR12625672.20251867	74478295	0	74478282	28S28M94S	2064	11998925	53H22M75H	28	22	74478310	11998946
SRR12625672.20269124	21242818	16	21242877	99M51S	2048	21243298	52M98H	99	52	21242976	21243349
SRR12625672.20315265	580294	16	580363	84M66S	2048	597277	67M83H	84	67	580447	597343
SRR12625672.2032700	78978806	0	78978765	26M124S	2064	58460396	108H22M20H	26	22	78978791	58460417
SRR12625672.20375756	74478274	0	74478269	43M107S	2048	11998929	125H22M3H	43	22	74478312	11998950
SRR12625672.20408438	57435381	0	57435411	74M76S	2048	45759207	70H22M58H	74	22	57435485	45759228
SRR12625672.2042922	59265744	0	59265531	25M125S	2064	3021172	25H22M103H	25	22	59265556	3021193
SRR12625672.2043789	37275085	0	37275040	25M125S	2064	58460396	105H22M23H	25	22	37275065	58460417
SRR12625672.20451478	57319817	16	57319913	76M74S	2048	26226377	74M76H	76	74	57319989	26226450
SRR12625672.20470182	21359148	16	21359235	52M98S	2048	33834337	31H22M97H	52	22	21359287	33834358
SRR12625672.20593490	79068152	16	79068181	114M36S	2048	79069032	37M113H	114	37	79068295	79069068
SRR12625672.20666760	11975932	16	11976021	102M48S	2048	11981263	48M102H	102	48	11976123	11981310
SRR12625672.20672297	12259034	16	12259079	107M43S	2048	12246258	43M107H	107	43	12259186	12246300
SRR12625672.20711488	46485507	16	46485615	94M56S	2048	46346646	37M113H	94	37	46485709	46346682
SRR12625672.20770405	26223773	16	26226400	25S52M73S	2064	26223869	25M125H	52	25	26226452	26223893
SRR12625672.20887623	79797796	16	79797859	80M70S	2048	80252687	70M80H	80	70	79797939	80252756
SRR12625672.20913797	9614034	0	9628338	118M32S	2064	9614173	32M118H	118	32	9628456	9614204
SRR12625672.20926587	1106787	0	1106742	44M106S	2048	58347206	95H22M33H	44	22	1106786	58347227
SRR12625672.20944088	12259026	16	12259068	104M46S	2048	12258528	46M104H	104	46	12259172	12258573
SRR12625672.20961717	59265515	0	41614975	116M34S	2064	59265623	34M116H	116	34	41615091	59265656
SRR12625672.20969169	12259077	2064	12259149	56M94H	256	8941673	41M109H	56	41	12259205	8941713
SRR12625672.20969898	49062648	16	49062698	102M48S	2048	48409415	48M102H	102	48	49062800	48409462
SRR12625672.21008974	12259074	16	12259083	112M38S	2048	13949169	22M128H	112	22	12259195	13949190
SRR12625672.21050423	12259020	16	12259076	68M82S	2064	72347819	92H22M36H	68	22	12259144	72347840
SRR12625672.21162962	80109641	16	80109702	121M29S	2048	80110664	30M120H	121	30	80109823	80110693
SRR12625672.21171288	74456537	16	74456618	94M56S	2048	74455251	57M93H	94	57	74456712	74455307
SRR12625672.21214673	30560724	16	30560767	102M48S	2048	26226399	48M102H	102	48	30560869	26226446
SRR12625672.21233943	74478274	0	74478278	34M116S	2064	58460396	97H22M31H	34	22	74478312	58460417
SRR12625672.21302485	65751036	272	31933976	100H40M10H	2064	65751351	29M121H	40	29	31934016	65751379
SRR12625672.21339599	12259088	16	12259182	38M112S	2064	71382591	108H22M20H	38	22	12259220	71382612
SRR12625672.21440736	74523543	16	74523572	96M54S	2048	74559223	55M95H	96	55	74523668	74559277
SRR12625672.21547717	26226362	16	26226393	100M50S	2048	62188221	50M100H	100	50	26226493	62188270
SRR12625672.21608222	26229302	0	26226337	114M36S	2064	26229420	36M114H	114	36	26226451	26229455
SRR12625672.21613941	5489072	0	5487584	97M53S	2064	5489196	53M97H	97	53	5487681	5489248
SRR12625672.21692139	11714336	16	11714386	84M66S	2048	11981245	66M84H	84	66	11714470	11981310
SRR12625672.21727099	32580872	16	32580895	108M42S	2048	48581350	43M107H	108	43	32581003	48581392
SRR12625672.21752634	12259036	16	12259069	95M55S	2048	12255800	55M95H	95	55	12259164	12255854
SRR12625672.21846831	26226330	16	26226370	81M69S	2048	26233410	69M81H	81	69	26226451	26233478
SRR12625672.2186319	26089755	16	26089855	76M74S	2048	26226377	74M76H	76	74	26089931	26226450
SRR12625672.2188605	74456606	16	74456654	81M69S	2048	74455751	70M80H	81	70	74456735	74455820
SRR12625672.21908745	57435476	0	57435445	37M113S	2048	58347206	58H22M70H	37	22	57435482	58347227
SRR12625672.21954061	12259026	0	12698252	101M49S	2064	12259145	49M101H	101	49	12698353	12259193
SRR12625672.21960906	26226319	16	26226365	100M50S	2048	26022915	50M100H	100	50	26226465	26022964
SRR12625672.21967816	74478275	0	74478234	76M74S	2048	58347206	116H22M12H	76	22	74478310	58347227
SRR12625672.2197150	49226159	0	26226403	91M59S	2064	49226218	60M90H	91	60	26226494	49226277
SRR12625672.22003044	26226318	16	26226363	89M61S	2048	21723165	62M88H	89	62	26226452	21723226
SRR12625672.22060212	59280020	16	59280065	84M66S	2048	59293409	67M83H	84	67	59280149	59293475
SRR12625672.22061682	59265540	16	59265602	113M37S	2048	9016274	39M111H	113	39	59265715	9016312
SRR12625672.22101475	74478252	0	74478262	50M100S	2048	11998921	71H25M54H	50	25	74478312	11998945
SRR12625672.22125764	63970274	16	63970376	90M60S	2048	63971510	61M89H	90	61	63970466	63971570
SRR12625672.222006	12259040	0	12266931	18S89M43S	2064	12259151	43M107H	89	43	12267020	12259193
SRR12625672.22221076	74478274	0	74478277	33M117S	2064	11998924	88H23M39H	33	23	74478310	11998946
SRR12625672.22238694	12259034	16	12259079	116M34S	2048	12257270	35M115H	116	35	12259195	12257304
SRR12625672.22256113	59265531	16	59265590	111M39S	2048	59263959	42M108H	111	42	59265701	59264000
SRR12625672.22329353	74478295	0	74478276	34M116S	2064	11998923	82H24M44H	34	24	74478310	11998946
SRR12625672.22362584	51438560	16	51438559	9S116M25S	2048	51426914	25M125H	116	25	51438675	51426938
SRR12625672.22453352	11981179	16	11981213	97M53S	2048	11983524	53M97H	97	53	11981310	11983576
SRR12625672.22481226	59265569	16	59265642	96M54S	2048	59263456	55M95H	96	55	59265738	59263510
SRR12625672.2253782	37565167	0	37564286	86M64S	2064	37565294	64M86H	86	64	37564372	37565357
SRR12625672.22686476	63422063	0	63422094	49M101S	2064	23959485	11H24M115H	49	24	63422143	23959508
SRR12625672.22702017	5489004	0	62100573	112M38S	2064	5489237	39M111H	112	39	62100685	5489275
SRR12625672.22771727	22020932	0	22018567	78M72S	2064	22020988	74M76H	78	74	22018645	22021061
SRR12625672.22777091	8609648	16	8609714	111M39S	2048	8621012	17H22M111H	111	22	8609825	8621033
SRR12625672.22801213	26226652	16	26226717	107M43S	2048	26226410	43M107H	107	43	26226824	26226452
SRR12625672.22815516	22018257	16	22018278	117M33S	2048	22020932	34M116H	117	34	22018395	22020965
SRR12625672.22819590	37565223	16	37565361	25M125S	2048	46546501	32H22M96H	25	22	37565386	46546522
SRR12625672.22836409	12259019	0	12255791	105M45S	2064	12259108	45M105H	105	45	12255896	12259152
SRR12625672.22859865	74478284	0	74478285	25M125S	2064	11998924	99H23M28H	25	23	74478310	11998946
SRR12625672.22876729	77077203	0	8609708	77M73S	2064	77077286	73M77H	77	73	8609785	77077358
SRR12625672.22914988	11983601	16	11983615	108M42S	2048	11981269	42M108H	108	42	11983723	11981310
SRR12625672.22944936	457378	16	457439	85M65S	2048	26108842	66M84H	85	66	457524	26108907
SRR12625672.23016316	9137396	16	9137474	109M41S	2048	9128330	40M110H	109	40	9137583	9128369
SRR12625672.23051169	74478283	0	74478277	40M110S	2064	72868052	43H22M85H	40	22	74478317	72868073
SRR12625672.23052609	61893885	0	61893895	50M100S	2048	11998925	72H22M56H	50	22	61893945	11998946
SRR12625672.23054530	12259065	16	12259113	109M41S	2048	1015414	41M109H	109	41	12259222	1015454
SRR12625672.23143412	12301971	0	12259038	107M43S	2064	12302050	44M106H	107	44	12259145	12302093
SRR12625672.23151458	59265592	2048	59265831	29H34M87H	2048	22439571	29M121H	34	29	59265865	22439599
SRR12625672.23272932	37274438	16	37274478	108M42S	2048	37276795	43M107H	108	43	37274586	37276837
SRR12625672.23350711	74478274	0	74478289	23M127S	2064	58460396	108H22M20H	23	22	74478312	58460417
SRR12625672.23474289	74478243	0	74478271	41M109S	2048	58347206	92H22M36H	41	22	74478312	58347227
SRR12625672.23507328	9137283	16	9137339	118M32S	2048	31708869	32M118H	118	32	9137457	31708900
SRR12625672.23549046	77875158	0	77875008	50M100S	2048	51007003	111H27M12H	50	27	77875058	51007029
SRR12625672.23586962	63355809	16	63355965	33M117S	272	43020339	105H23M22H	33	23	63355998	43020361
SRR12625672.23594235	26226330	0	26227262	116M34S	2064	26226416	35M115H	116	35	26227378	26226450
SRR12625672.23606889	65751084	16	65751169	66M84S	2064	37694017	83H29M38H	66	29	65751235	37694045
SRR12625672.23641723	12259019	16	12259057	116M34S	2048	12324409	35M115H	116	35	12259173	12324443
SRR12625672.23657791	12259009	16	12259057	116M34S	2048	12251701	35M115H	116	35	12259173	12251735
SRR12625672.23733308	26226301	0	26226305	27M123S	2064	58347206	33H25M92H	27	25	26226332	58347230
SRR12625672.23734205	21242943	0	21138481	41S25M84S	2048	21242850	25M125H	25	25	21138506	21242874
SRR12625672.23743749	59265552	0	59265546	27M123S	2064	58460394	79H22M49H	27	22	59265573	58460415
SRR12625672.23797324	75281619	16	75281687	61M89S	272	72429269	117H26M7H	61	26	75281748	72429294
SRR12625672.23807012	37275037	16	37275077	98M52S	2048	36948925	52M98H	98	52	37275175	36948976
SRR12625672.23815349	35135771	16	35135832	80M70S	2048	35497600	70M80H	80	70	35135912	35497669
SRR12625672.23816603	62716480	16	62716520	113M37S	2048	62717114	38M112H	113	38	62716633	62717151
SRR12625672.23849057	74456511	16	74456548	120M30S	2048	77156379	30M120H	120	30	74456668	77156408
SRR12625672.23852500	46334078	16	46334137	91M59S	2048	46381203	60M90H	91	60	46334228	46381262
SRR12625672.23916629	79678439	16	79678560	43M107S	2048	79679405	72H35M43H	43	35	79678603	79679439
SRR12625672.23943542	46467520	16	46467578	73M77S	272	49531028	101H36M13H	73	36	46467651	49531063
SRR12625672.24008187	11981378	16	11981464	66S40M44S	2048	11995295	26M124H	40	26	11981504	11995320
SRR12625672.24159168	8904857	16	8904939	52M98S	272	71530359	15H31M104H	52	31	8904991	71530389
SRR12625672.24163361	12259019	16	12259089	115M35S	2048	12260523	36M114H	115	36	12259204	12260558
SRR12625672.2419221	65751054	16	65751131	79M71S	2048	65977532	74M76H	79	74	65751210	65977605
SRR12625672.24228388	34493914	16	34494012	76M74S	2048	32566776	75M75H	76	75	34494088	32566850
SRR12625672.2425832	74456918	16	74456960	101M49S	2048	74094739	49M101H	101	49	74457061	74094787
SRR12625672.24276376	59265531	16	59265708	36M114S	2064	46546491	56H24M70H	36	24	59265744	46546514
SRR12625672.2431779	79394172	16	79394210	101M49S	2048	79395995	50M100H	101	50	79394311	79396044
SRR12625672.24417406	11981134	16	11981200	111M39S	256	7136905	25M125H	111	25	11981311	7136929
SRR12625672.24419527	74478221	0	74478212	13S98M39S	2064	58347206	5H22M123H	98	22	74478310	58347227
SRR12625672.24435237	59265647	0	59265604	27S118M5S	2048	59264268	28M122H	118	28	59265722	59264295
SRR12625672.24478654	12259065	16	12259117	102M48S	2048	12394591	51M99H	102	51	12259219	12394641
SRR12625672.24506936	73267774	16	73267882	36M114S	272	48912338	115H23M12H	36	23	73267918	48912360
SRR12625672.24527810	37565182	16	37565211	117M33S	2048	37556778	34M116H	117	34	37565328	37556811
SRR12625672.24612140	55439940	16	55440052	72M78S	2048	51898672	26M124H	72	26	55440124	51898697
SRR12625672.24786461	12259025	16	12259107	115M35S	2048	11947211	35M115H	115	35	12259222	11947245
SRR12625672.24952763	80109475	0	80109481	56M94S	2048	23959486	95H23M32H	56	23	80109537	23959508
SRR12625672.2497902	55267056	16	55267153	111M39S	2048	54531872	40M110H	111	40	55267264	54531911
SRR12625672.25083293	59265584	16	59265676	78M72S	2048	59270129	38M112H	78	38	59265754	59270166
SRR12625672.25148938	59265450	16	59265570	80M70S	2048	57761524	70M80H	80	70	59265650	57761593
SRR12625672.25173099	80109669	16	80109729	96M54S	2048	80112041	55M95H	96	55	80109825	80112095
SRR12625672.25181544	65751091	16	65751216	57M93S	2064	9821164	55H22M73H	57	22	65751273	9821185
SRR12625672.25203026	23376602	16	23376641	95M55S	2048	23135610	56M94H	95	56	23376736	23135665
SRR12625672.2521630	26226284	16	26226374	78M72S	2048	26227284	74M76H	78	74	26226452	26227357
SRR12625672.25355203	43010861	16	43010876	105M45S	2048	57621924	45M105H	105	45	43010981	57621968
SRR12625672.25364147	22777709	16	22777847	26M124S	2048	28593454	103H22M25H	26	22	22777873	28593475
SRR12625672.25373278	59265450	16	59265721	57M93S	2048	68808461	22H22M106H	57	22	59265778	68808482
SRR12625672.25389275	26226311	16	26226357	94M56S	2048	26228038	33M117H	94	33	26226451	26228070
SRR12625672.25471378	11913306	16	11913349	109M41S	2048	11981269	41M109H	109	41	11913458	11981309
SRR12625672.25530791	26226305	16	26226358	94M56S	2048	26415914	58M92H	94	58	26226452	26415971
SRR12625672.25556019	74478230	0	74478247	65M85S	2064	58460395	65H23M62H	65	23	74478312	58460417
SRR12625672.25575794	51695655	16	51695694	97M53S	2048	51438628	54M96H	97	54	51695791	51438681
SRR12625672.25754229	49637683	16	49637765	35M115S	2048	26105857	36H25M89H	35	25	49637800	26105881
SRR12625672.25784907	74456488	16	74456570	116M34S	2048	74456143	34M116H	116	34	74456686	74456176
SRR12625672.25823632	76377066	16	76377074	111M39S	2048	76622585	37M113H	111	37	76377185	76622621
SRR12625672.25825174	55780403	16	55780478	112M38S	2048	55780804	38M112H	112	38	55780590	55780841
SRR12625672.25826239	49758060	16	49758194	109S23M18S	2048	23959487	42H22M86H	23	22	49758217	23959508
SRR12625672.2589324	26233317	0	26226359	96M54S	2064	26233425	54M96H	96	54	26226455	26233478
SRR12625672.2592059	74478295	0	74478284	26M124S	2048	50822691	113H23M14H	26	23	74478310	50822713
SRR12625672.25983625	37565270	16	37565322	84M66S	256	5010323	30H23M97H	84	23	37565406	5010345
SRR12625672.26194879	48409391	16	48409419	118M32S	2048	48403145	32M118H	118	32	48409537	48403176
SRR12625672.26294416	74478306	0	74478269	43M107S	2048	58347205	64H23M63H	43	23	74478312	58347227
SRR12625672.26311688	25975833	16	26226378	39S107M4S	2064	25975974	40M110H	107	40	26226485	25976013
SRR12625672.2635100	57435459	0	57435411	71M79S	2048	58347206	111H22M17H	71	22	57435482	58347227
SRR12625672.26353056	78978793	16	78978863	81M69S	2048	76316674	56M94H	81	56	78978944	76316729
SRR12625672.26425237	11981172	0	11991370	77M73S	2064	11981250	74M76H	77	74	11991447	11981323
SRR12625672.26464961	26226814	16	26226923	78M72S	2048	26226378	72M78H	78	72	26227001	26226449
SRR12625672.26517944	74478294	0	74478277	36M114S	2048	58460396	60H24M66H	36	24	74478313	58460419
SRR12625672.26587610	26226328	16	26226344	107M43S	2048	26226691	43M107H	107	43	26226451	26226733
SRR12625672.26600334	11688941	16	11688968	100M50S	2064	11689529	100H34M16H	100	34	11689068	11689562
SRR12625672.26635737	11714336	16	11714386	81M69S	2048	11981245	66M84H	81	66	11714467	11981310
SRR12625672.26667675	46588504	0	46738323	92M58S	2064	46588581	58M92H	92	58	46738415	46588638
SRR12625672.26677751	74478323	0	74478277	35M115S	2048	58347204	52H24M74H	35	24	74478312	58347227
SRR12625672.2679226	49017152	16	49017184	111M39S	2048	49019447	39M111H	111	39	49017295	49019485
SRR12625672.26885886	12258976	16	12259034	100M50S	2064	12257890	100H31M19H	100	31	12259134	12257920
SRR12625672.2692113	59265525	16	59265554	110M40S	2048	59264886	41M109H	110	41	59265664	59264926
SRR12625672.2693191	74478260	0	74478259	51M99S	272	76493325	41H22M87H	51	22	74478310	76493346
SRR12625672.27025710	3880090	16	3880116	117M33S	2048	3877289	35M115H	117	35	3880233	3877323
SRR12625672.27095184	37274426	16	37274426	6S119M25S	2048	26710336	25M125H	119	25	37274545	26710360
SRR12625672.2711250	37565167	16	37565235	87M63S	2048	37564893	67M83H	87	67	37565322	37564959
SRR12625672.27156104	46467559	16	46467599	101M49S	2048	46217277	11H39M100H	101	39	46467700	46217315
SRR12625672.27401637	78309479	16	78309560	94M56S	2048	78340443	56M94H	94	56	78309654	78340498
SRR12625672.27645826	12308340	16	12308396	109M41S	2048	12987670	39M111H	109	39	12308505	12987708
SRR12625672.27688312	12259034	16	12259074	85M65S	2048	12657301	66M84H	85	66	12259159	12657366
SRR12625672.27716404	50194857	16	50194918	87M63S	2048	50194044	63M87H	87	63	50195005	50194106
SRR12625672.27733405	46467517	16	46467582	107M43S	2048	46468632	43M107H	107	43	46467689	46468674
SRR12625672.27770864	23662657	0	23662582	32M118S	2048	58460394	42H22M86H	32	22	23662614	58460415
SRR12625672.27834615	56930996	16	56931048	71M79S	2064	33578487	95H22M33H	71	22	56931119	33578508
SRR12625672.27886583	25990097	0	26226350	4S103M43S	2064	25990189	44M106H	103	44	26226453	25990232
SRR12625672.27895710	73598817	16	73598847	114M36S	2048	63187419	36M114H	114	36	73598961	63187454
SRR12625672.28034585	54866239	0	54866240	39M111S	2048	58347206	45H23M82H	39	23	54866279	58347228
SRR12625672.28048041	12259062	16	12259100	111M39S	2048	12235001	41M109H	111	41	12259211	12235041
SRR12625672.28079919	74478276	0	74478257	60M90S	2048	58347206	74H22M54H	60	22	74478317	58347227
SRR12625672.28152993	74478290	0	74478277	21S35M94S	2048	58347206	75H22M53H	35	22	74478312	58347227
SRR12625672.28157817	12259001	0	12422571	90M60S	2064	12259081	60M90H	90	60	12422661	12259140
SRR12625672.28392892	12658365	0	12659317	90M60S	2064	12658473	63M87H	90	63	12659407	12658535
SRR12625672.28440359	70289083	16	70289166	80M70S	2048	70940762	71M79H	80	71	70289246	70940832
SRR12625672.28487119	11981192	16	11981222	89M61S	2048	11980652	61M89H	89	61	11981311	11980712
SRR12625672.28515511	48408932	0	48408885	31M119S	2064	12272150	15H23M112H	31	23	48408916	12272172
SRR12625672.28526396	79788216	16	79788235	108M42S	2064	79787263	108H25M17H	108	25	79788343	79787287
SRR12625672.28625911	74478294	0	74478277	35M115S	2064	58460396	96H22M32H	35	22	74478312	58460417
SRR12625672.28757627	12259019	0	12359519	98M52S	2064	12259170	52M98H	98	52	12359617	12259221
SRR12625672.28824009	13175255	16	13175310	106M44S	2048	11981269	44M106H	106	44	13175416	11981312
SRR12625672.28853558	50899262	16	50899299	93M57S	272	79157087	40H47M63H	93	47	50899392	79157133
SRR12625672.28918446	44679611	0	44679628	31M119S	2048	46334238	51H22M77H	31	22	44679659	46334259
SRR12625672.28931957	12308315	272	1230916	54H74M22H	2064	12308426	45M105H	74	45	1230990	12308470
SRR12625672.2903280	79137772	16	79137775	117M33S	2048	79069026	33M117H	117	33	79137892	79069058
SRR12625672.29108839	74478294	0	74478280	32M118S	2064	58460396	99H22M29H	32	22	74478312	58460417
SRR12625672.29287835	46334069	16	46334130	99M51S	2048	46283682	53M97H	99	53	46334229	46283734
SRR12625672.29291161	59265574	16	59265629	101M49S	2048	59317894	52M98H	101	52	59265730	59317945
SRR12625672.293190	47641329	16	47641375	97M53S	272	68442974	43H54M53H	97	54	47641472	68443027
SRR12625672.29345852	47022779	0	47028717	114M36S	256	47022802	114M36H	114	114	47028831	47022915
SRR12625672.2943595	46174395	16	46174427	119M31S	2048	47892158	31M119H	119	31	46174546	47892188
SRR12625672.29439354	46433321	2064	46433448	31M119H	272	34176528	87H23M40H	31	23	46433479	34176550
SRR12625672.2944919	37274973	16	37275100	63M87S	2048	27079963	19H22M109H	63	22	37275163	27079984
SRR12625672.29460783	74478284	0	74478273	39M111S	2048	58347206	58H22M70H	39	22	74478312	58347227
SRR12625672.29473254	80109682	0	80109650	23S101M26S	2048	80106153	24M126H	101	24	80109751	80106176
SRR12625672.29672709	48409408	16	48409461	102M48S	2048	48370805	50M100H	102	50	48409563	48370854
SRR12625672.2968900	12259012	16	12259066	91M59S	272	21649122	97H23M30H	91	23	12259157	21649144
SRR12625672.29716254	65751061	16	65751238	35M115S	2048	47544705	91H22M37H	35	22	65751273	47544726
SRR12625672.29848775	75088123	0	75088124	57M93S	2064	28474226	22H23M105H	57	23	75088181	28474248
SRR12625672.29855453	57435455	0	57435448	34M116S	2048	23959487	53H22M75H	34	22	57435482	23959508
SRR12625672.29886476	12307739	16	12307855	112M38S	2048	12308702	45M105H	112	45	12307967	12308746
SRR12625672.29907228	12308321	16	12308361	82M68S	2048	4312379	17H23M110H	82	23	12308443	4312401
SRR12625672.29926542	9135344	16	9135483	112M38S	2064	9134732	109H24M17H	112	24	9135595	9134755
SRR12625672.30017147	45843134	16	45843214	77M73S	2048	26226377	75M75H	77	75	45843291	26226451
SRR12625672.30033687	79068935	0	10531653	75M75S	2064	79069005	75M75H	75	75	10531728	79069079
SRR12625672.30073786	59265496	16	59265528	110M40S	2048	59266159	41M109H	110	41	59265638	59266199
SRR12625672.30089662	79395754	16	79395817	76M74S	2048	79394930	75M75H	76	75	79395893	79395004
SRR12625672.30132052	26232500	16	26232538	91M59S	2064	26226410	91H44M15H	91	44	26232629	26226453
SRR12625672.30161586	74478331	0	11998921	94S26M30S	2048	74478289	23M127H	26	23	11998947	74478311
SRR12625672.30232362	48448035	0	48448004	30M120S	2048	11998929	50H24M76H	30	24	48448034	11998952
SRR12625672.30263038	62494475	16	62494595	89M61S	2048	21111347	61M89H	89	61	62494684	21111407
SRR12625672.30276025	55490892	272	55683823	40H50M60H	2064	55491001	41M109H	50	41	55683873	55491041
SRR12625672.30278963	74478244	0	74478237	73M77S	2064	11998919	43H28M79H	73	28	74478310	11998946
SRR12625672.30373519	74478300	0	74478269	43M107S	2064	76493324	42H24M84H	43	24	74478312	76493347
SRR12625672.30376819	62716589	0	74496260	16S92M42S	2064	62716691	43M107H	92	43	74496352	62716733
SRR12625672.30392410	74161023	0	74153547	108M42S	2064	74161103	42M108H	108	42	74153655	74161144
SRR12625672.30507988	32176754	16	32176825	84M66S	2048	32177248	67M83H	84	67	32176909	32177314
SRR12625672.30570643	46470077	16	46470139	82M68S	2048	46467588	69M81H	82	69	46470221	46467656
SRR12625672.3060087	12259038	0	63312836	108M42S	2064	12259127	42M108H	108	42	63312944	12259168
SRR12625672.30607142	67043816	16	67043914	76M74S	2048	57624648	74M76H	76	74	67043990	57624721
SRR12625672.30641452	5628790	256	21624319	33H47M70H	2064	5628947	4H22M124H	47	22	21624366	5628968
SRR12625672.3066321	74478306	0	74478276	36M114S	2048	11998920	58H23M69H	36	23	74478312	11998942
SRR12625672.30730153	74456560	16	74456779	89M61S	2048	74492792	62M88H	89	62	74456868	74492853
SRR12625672.30779243	11469960	16	11470057	34M116S	272	68219055	22M128H	34	22	11470091	68219076
SRR12625672.30927728	57435452	0	57435426	59M91S	2048	23959487	94H22M34H	59	22	57435485	23959508
SRR12625672.30946503	9434038	0	9434026	31M119S	2048	51007003	28H24M98H	31	24	9434057	51007026
SRR12625672.30988932	74478290	0	74478289	23M127S	2064	47031013	107H22M21H	23	22	74478312	47031034
SRR12625672.31016273	74478279	0	74478289	23M127S	2048	58347203	68H23M59H	23	23	74478312	58347225
SRR12625672.31106129	72552104	0	72552084	30M120S	272	36178723	115H22M13H	30	22	72552114	36178744
SRR12625672.31240948	12088238	16	12088331	95M55S	2048	12087861	55M95H	95	55	12088426	12087915
SRR12625672.31471875	49571394	16	49571434	91M59S	2048	49561843	59M91H	91	59	49571525	49561901
SRR12625672.31517965	74478303	0	74478279	33M117S	2064	58460396	98H22M30H	33	22	74478312	58460417
SRR12625672.31534919	75281612	16	75281638	114M36S	2048	75336554	39M111H	114	39	75281752	75336592
SRR12625672.31539656	12259088	16	12259100	117M33S	2048	50102384	33M117H	117	33	12259217	50102416
SRR12625672.31689427	10482690	16	10482710	109M41S	2048	10386764	41M109H	109	41	10482819	10386804
SRR12625672.31719742	79680191	16	79680241	106M44S	2064	51856213	106H22M22H	106	22	79680347	51856234
SRR12625672.31830183	74478230	0	74478233	77M73S	2064	58347206	38H22M90H	77	22	74478310	58347227
SRR12625672.31897187	79395430	0	79395455	37M113S	2048	58347206	104H22M24H	37	22	79395492	58347227
SRR12625672.31900697	74456858	16	74457014	51M99S	272	4624160	49H28M73H	51	28	74457065	4624187
SRR12625672.31967028	12247846	16	12247885	114M36S	2048	12247178	5H32M113H	114	32	12247999	12247209
SRR12625672.32000195	27288290	0	27288279	29M121S	2064	11998929	41H22M87H	29	22	27288308	11998950
SRR12625672.3206204	65751012	16	65751138	58M92S	2048	46546309	61H24M65H	58	24	65751196	46546332
SRR12625672.3207243	54866239	0	54866244	27M123S	2048	58347206	41H22M87H	27	22	54866271	58347227
SRR12625672.32131444	62526533	0	62450145	104M46S	2064	62526631	48M102H	104	48	62450249	62526678
SRR12625672.32167406	65751138	16	65751187	108M42S	2048	65752880	43M107H	108	43	65751295	65752922
SRR12625672.32184101	57763707	16	57763767	101M49S	2048	57753316	49M101H	101	49	57763868	57753364
SRR12625672.32194322	77132856	16	77132901	114M36S	2048	77133411	40M110H	114	40	77133015	77133450
SRR12625672.32196163	46736915	0	46738347	83M67S	2064	46737037	67M83H	83	67	46738430	46737103
SRR12625672.32395240	9137282	16	9137348	112M38S	2048	9138565	38M112H	112	38	9137460	9138602
SRR12625672.32533112	35450132	16	35450181	86M64S	2048	35497632	39M111H	86	39	35450267	35497670
SRR12625672.32596145	74478294	0	74478268	49M101S	2048	8151467	83H22M45H	49	22	74478317	8151488
SRR12625672.32606951	74478237	0	74478246	64M86S	2064	46965579	60H22M68H	64	22	74478310	46965600
SRR12625672.32735272	12259020	16	12259097	97M53S	2048	12256626	54M96H	97	54	12259194	12256679
SRR12625672.32737022	48386102	16	48386127	107M43S	2048	48409421	25M125H	107	25	48386234	48409445
SRR12625672.32753833	21111289	2064	21111367	58M92H	272	48436888	97H33M20H	58	33	21111425	48436920
SRR12625672.32797418	12259020	0	12904290	97M53S	2064	12259118	56M94H	97	56	12904387	12259173
SRR12625672.32871924	74478290	0	74478262	48M102S	2064	58347206	78H22M50H	48	22	74478310	58347227
SRR12625672.32878830	77250948	16	77251028	78M72S	2048	9087221	73M77H	78	73	77251106	9087293
SRR12625672.33039134	62636089	0	62597535	111M39S	2064	62636199	39M111H	111	39	62597646	62636237
SRR12625672.33050672	70352940	16	70353042	79M71S	256	58914580	71H55M24H	79	55	70353121	58914634
SRR12625672.33078775	12259060	16	12259085	103M47S	2048	12407024	47M103H	103	47	12259188	12407070
SRR12625672.33095574	26232524	16	26232604	91M59S	2048	26226393	61M89H	91	61	26232695	26226453
SRR12625672.33193530	26226330	0	26226335	117M33S	2064	26226652	9H25M116H	117	25	26226452	26226676
SRR12625672.33288746	70133303	16	70133369	77M73S	2048	70206000	17H42M91H	77	42	70133446	70206041
SRR12625672.33303410	21242809	272	59365106	86H54M10H	2064	21242953	24M126H	54	24	59365160	21242976
SRR12625672.33387819	35464597	0	21111343	80M70S	2064	35464670	70M80H	80	70	21111423	35464739
SRR12625672.33439865	59464773	16	59464859	94M56S	2048	79069032	55M95H	94	55	59464953	79069086
SRR12625672.33490412	74456532	16	74456630	110M40S	2048	75203892	41M109H	110	41	74456740	75203932
SRR12625672.33497975	67382372	0	67402348	104M46S	2064	67382447	46M104H	104	46	67402452	67382492
SRR12625672.33824565	46334070	0	45886709	88M62S	2064	46334162	63M87H	88	63	45886797	46334224
SRR12625672.33857409	79398017	0	79398035	29S114M7S	2048	79395992	29M121H	114	29	79398149	79396020
SRR12625672.33903992	14171457	16	14171563	63M87S	272	3626689	100H37M13H	63	37	14171626	3626725
SRR12625672.3395269	12259034	16	12259094	101M49S	272	50972562	113H28M9H	101	28	12259195	50972589
SRR12625672.34036941	12308319	16	12308332	111M39S	2048	12308739	40M110H	111	40	12308443	12308778
SRR12625672.34070158	74478268	0	74478262	48M102S	2048	58347205	112H23M15H	48	23	74478310	58347227
SRR12625672.34082376	79959348	16	79959402	104M46S	2048	79964557	46M104H	104	46	79959506	79964602
SRR12625672.34170736	12259049	16	12259136	86M64S	2048	10831228	64M86H	86	64	12259222	10831291
SRR12625672.3419888	57585017	0	57586647	86M64S	2064	57585101	65M85H	86	65	57586733	57585165
SRR12625672.34236570	74478303	0	74478282	28M122S	2064	58347206	90H22M38H	28	22	74478310	58347227
SRR12625672.34319706	23366338	16	23366435	48M102S	2064	59536994	57H23M70H	48	23	23366483	59537016
SRR12625672.34366367	74456578	16	74456662	82M68S	2064	74463272	82H27M41H	82	27	74456744	74463298
SRR12625672.34536001	59265582	16	59265627	102M48S	2048	59305434	48M102H	102	48	59265729	59305481
SRR12625672.34556140	26226327	16	26226344	107M43S	2048	26383865	43M107H	107	43	26226451	26383907
SRR12625672.34671881	35450132	16	35450181	86M64S	2048	35495721	37H28M85H	86	28	35450267	35495748
SRR12625672.3470179	9031405	16	9031477	49M101S	272	46316024	6H31M113H	49	31	9031526	46316054
SRR12625672.3474568	62523330	0	62523321	60M90S	2048	14449643	60H22M68H	60	22	62523381	14449664
SRR12625672.34829397	74478260	0	74478207	105M45S	2064	58460395	25H23M102H	105	23	74478312	58460417
SRR12625672.34918339	46334076	16	46334112	113M37S	2048	46334605	37M113H	113	37	46334225	46334641
SRR12625672.35030898	37274514	16	37274533	110M40S	2048	37268216	40M110H	110	40	37274643	37268255
SRR12625672.35035706	27515766	16	27515928	45M105S	272	75852779	10H35M105H	45	35	27515973	75852813
SRR12625672.35111495	76494992	0	76494970	26M124S	2064	78681192	102H22M26H	26	22	76494996	78681213
SRR12625672.35194370	10149475	2064	10149540	70M80H	272	23296483	67H37M46H	70	37	10149610	23296519
SRR12625672.35274386	28176798	0	28176825	94M56S	2048	11998924	86H23M41H	94	23	28176919	11998946
SRR12625672.35320570	12259062	16	12259082	120M30S	2048	12240407	30M120H	120	30	12259202	12240436
SRR12625672.35366227	79680259	0	79744331	106M44S	2064	79680366	45M105H	106	45	79744437	79680410
SRR12625672.35387006	74478306	0	74478281	29M121S	2048	58347206	93H22M35H	29	22	74478310	58347227
SRR12625672.3540113	22020732	16	22020864	116M34S	2048	23745673	35M115H	116	35	22020980	23745707
SRR12625672.35469142	79847914	16	79847950	97M53S	272	38651415	119H22M9H	97	22	79848047	38651436
SRR12625672.3561777	26226318	16	26226337	116M34S	2048	26253778	35M115H	116	35	26226453	26253812
SRR12625672.3565878	12308269	16	12308336	83M67S	2048	12308669	67M83H	83	67	12308419	12308735
SRR12625672.35715516	74456532	16	74456588	103M47S	2048	74459338	22M128H	103	22	74456691	74459359
SRR12625672.35772261	74478292	0	74478269	41M109S	2048	11998920	106H27M17H	41	27	74478310	11998946
SRR12625672.35822555	37274979	16	37275059	83M67S	2048	37275760	41M109H	83	41	37275142	37275800
SRR12625672.3588983	49761835	0	49761781	27M123S	2064	58347206	58H22M70H	27	22	49761808	58347227
SRR12625672.35961253	61142253	16	61142421	42M108S	272	59666193	37M113H	42	37	61142463	59666229
SRR12625672.3607512	63036057	16	63036109	97M53S	2048	63036735	54M96H	97	54	63036206	63036788
SRR12625672.36158576	51865343	0	78053793	81M69S	2064	51865431	73M77H	81	73	78053874	51865503
SRR12625672.36193284	37565204	0	37565218	114M36S	2064	62004411	16H22M112H	114	22	37565332	62004432
SRR12625672.36218614	8609639	16	8609692	97M53S	272	1695840	102H23M25H	97	23	8609789	1695862
SRR12625672.36295170	74866862	16	74866942	48M102S	272	36160369	26M124H	48	26	74866990	36160394
SRR12625672.36412644	12259077	16	12259179	95M55S	2048	12882842	55M95H	95	55	12259274	12882896
SRR12625672.36539353	74478300	0	74478277	36M114S	2048	11998920	73H23M54H	36	23	74478313	11998942
SRR12625672.36552593	9475568	16	9475587	109M41S	2048	9613298	42M108H	109	42	9475696	9613339
SRR12625672.36583096	69399330	16	69399381	104M46S	2048	69400957	47M103H	104	47	69399485	69401003
SRR12625672.36833199	11954870	16	11954900	108M42S	2048	11981269	42M108H	108	42	11955008	11981310
SRR12625672.3701393	46467525	16	46467571	86M64S	2048	46468434	20H46M84H	86	46	46467657	46468479
SRR12625672.37020402	37275000	0	37275013	78M72S	2048	12969208	83H22M45H	78	22	37275091	12969229
SRR12625672.37098109	48410189	16	48410241	78M72S	2048	48409391	72M78H	78	72	48410319	48409462
SRR12625672.37120362	74478248	0	74478257	53M97S	2064	58347206	63H22M65H	53	22	74478310	58347227
SRR12625672.37139337	58671767	0	37391343	116M34S	2064	58671864	35M115H	116	35	37391459	58671898
SRR12625672.37174303	48802698	16	48802758	85M65S	2048	50193356	65M85H	85	65	48802843	50193420
SRR12625672.37265434	59265522	16	59265549	105M45S	2048	59265095	46M104H	105	46	59265654	59265140
SRR12625672.37362340	79395902	16	79395921	100M50S	2048	62122005	4H28M118H	100	28	79396021	62122032
SRR12625672.37384996	28177748	16	28177848	62M88S	2048	29987288	29M121H	62	29	28177910	29987316
SRR12625672.37411503	11535247	16	11535336	48M102S	272	14644763	25M125H	48	25	11535384	14644787
SRR12625672.37524175	58045466	16	58045576	104M46S	2048	58044488	46M104H	104	46	58045680	58044533
SRR12625672.37559362	59265582	16	59265647	119M31S	2048	59266105	31M119H	119	31	59265766	59266135
SRR12625672.375922	74456492	16	74456611	37M113S	272	72159137	78H22M50H	37	22	74456648	72159158
SRR12625672.37597620	65871258	0	76677086	109M41S	2064	65871509	42M108H	109	42	76677195	65871550
SRR12625672.3768812	58155578	16	58155613	86M64S	2048	35497606	65M85H	86	65	58155699	35497670
SRR12625672.37734657	74478244	0	74478275	37M113S	2064	11998924	92H22M36H	37	22	74478312	11998945
SRR12625672.37764090	74478274	0	74478237	73M77S	2064	46965577	51H24M75H	73	24	74478310	46965600
SRR12625672.37808973	28176806	0	28176826	93M57S	2048	11998924	85H23M42H	93	23	28176919	11998946
SRR12625672.3782192	57435519	0	57435440	42M108S	2048	23959487	61H22M67H	42	22	57435482	23959508
SRR12625672.37852597	74478373	0	74478276	36M114S	2048	58347206	55H22M73H	36	22	74478312	58347227
SRR12625672.38141321	74478331	0	74478286	26M124S	2048	11998920	88H22M40H	26	22	74478312	11998941
SRR12625672.38190519	59265594	0	77330119	110M40S	2064	59265690	41M109H	110	41	77330229	59265730
SRR12625672.38362939	41865874	16	41865951	50M100S	272	72209330	12H29M109H	50	29	41866001	72209358
SRR12625672.38365928	57435452	0	57435426	56M94S	2048	58347206	66H22M62H	56	22	57435482	58347227
SRR12625672.3839960	37275001	16	37275123	38M112S	2048	9029209	68H24M58H	38	24	37275161	9029232
SRR12625672.38469737	8870388	16	8870430	82M68S	2048	9475757	68M82H	82	68	8870512	9475824
SRR12625672.38554881	59265586	0	59265594	69M81S	2048	58347206	67H22M61H	69	22	59265663	58347227
SRR12625672.38563346	59246246	16	59246309	90M60S	2048	59265571	61M89H	90	61	59246399	59265631
SRR12625672.38649738	74478274	0	74478273	44M106S	2048	58460396	61H25M64H	44	25	74478317	58460420
SRR12625672.38662417	23662581	0	23662585	29M121S	2048	58347206	66H22M62H	29	22	23662614	58347227
SRR12625672.38790369	26226335	16	26226335	10S117M23S	2048	26243251	24M126H	117	24	26226452	26243274
SRR12625672.38859934	77131735	16	77131865	99M51S	2048	77127890	51M99H	99	51	77131964	77127940
SRR12625672.38889221	26226308	0	26226323	65S83M2S	2064	26215563	98H35M17H	83	35	26226406	26215597
SRR12625672.38921681	37253700	0	36928214	85M65S	2064	37253797	65M85H	85	65	36928299	37253861
SRR12625672.38972936	59265477	16	59265655	42M108S	2048	75326492	80H23M47H	42	23	59265697	75326514
SRR12625672.3917938	74478230	0	74478247	63M87S	2064	11998924	46H23M81H	63	23	74478310	11998946
SRR12625672.39250337	26226314	16	26226352	100M50S	2064	26228441	98H48M4H	100	48	26226452	26228488
SRR12625672.39272748	37275048	0	34624885	77M73S	2064	37275147	73M77H	77	73	34624962	37275219
SRR12625672.39467261	26226335	16	26226358	94M56S	2064	28616429	92H35M23H	94	35	26226452	28616463
SRR12625672.39528650	74478305	0	58347206	42S22M86S	2048	74478290	22M128H	22	22	58347228	74478311
SRR12625672.39547700	47930069	16	47930083	116M34S	2048	36295276	34M116H	116	34	47930199	36295309
SRR12625672.39566625	59265580	16	59265746	36M114S	2064	66974541	40H24M86H	36	24	59265782	66974564
SRR12625672.39878914	59265582	0	59928641	89M61S	2064	59265707	65M85H	89	65	59928730	59265771
SRR12625672.40014279	12259036	16	12259310	114M36S	2048	36322997	36M114H	114	36	12259424	36323032
SRR12625672.40076548	57435459	0	57435445	37M113S	2048	58347206	77H22M51H	37	22	57435482	58347227
SRR12625672.40166788	22020871	16	22020973	119M31S	2048	22020272	31M119H	119	31	22021092	22020302
SRR12625672.40175464	26194869	16	26194981	45M105S	272	21701462	42M108H	45	42	26195026	21701503
SRR12625672.40195723	13567442	16	13567558	45M105S	2064	36812968	93H22M35H	45	22	13567603	36812989
SRR12625672.40402902	75285819	0	75285817	55M95S	2048	58347206	123H22M5H	55	22	75285872	58347227
SRR12625672.40587004	26227676	16	26227758	80M70S	272	49725229	51M99H	80	51	26227838	49725279
SRR12625672.40610891	48408881	0	48408869	6S47M97S	2048	11998929	126H22M2H	47	22	48408916	11998950
SRR12625672.40615260	46738347	16	46738405	103M47S	2048	49626343	48M102H	103	48	46738508	49626390
SRR12625672.4062568	74478350	0	74478277	36M114S	2048	23959487	51H22M77H	36	22	74478313	23959508
SRR12625672.40713758	48713182	16	48713248	108M42S	2048	7550906	43M107H	108	43	48713356	7550948
SRR12625672.40776229	44071926	16	44072006	46M104S	272	46159628	2H26M122H	46	26	44072052	46159653
SRR12625672.40787282	26292376	16	26292423	96M54S	2048	26226393	54M96H	96	54	26292519	26226446
SRR12625672.40833834	74478277	0	3021173	59S22M69S	2048	74478288	22M128H	22	22	3021195	74478309
SRR12625672.40879483	26225464	16	26225495	97M53S	2048	26226399	2H52M96H	97	52	26225592	26226450
SRR12625672.40960393	79341882	16	79341926	104M46S	2048	78995455	37M113H	104	37	79342030	78995491
SRR12625672.41036512	57435565	0	57435558	70M80S	2048	58347206	107H22M21H	70	22	57435628	58347227
SRR12625672.41197992	59265522	16	59265602	78M72S	2048	59267741	73M77H	78	73	59265680	59267813
SRR12625672.41240298	30510058	2064	30510158	36M114H	2048	47930965	91H24M35H	36	24	30510194	47930988
SRR12625672.41337828	37565204	16	37565315	104M46S	2048	2892395	22H24M104H	104	24	37565419	2892418
SRR12625672.41503737	57435583	0	57435596	32M118S	2048	58347206	69H22M59H	32	22	57435628	58347227
SRR12625672.41643859	12259094	16	12259236	77M73S	2048	12256163	74M76H	77	74	12259313	12256236
SRR12625672.41707865	12259054	16	12259095	99M51S	2048	3358449	53M97H	99	53	12259194	3358501
SRR12625672.4176424	59265571	2064	59265540	94H32M24H	2048	23274780	24M126H	32	24	59265572	23274803
SRR12625672.41882017	74478250	0	74478262	48M102S	2048	58347206	124H22M4H	48	22	74478310	58347227
SRR12625672.41893320	35491107	16	35491186	113M37S	2048	35497629	38M112H	113	38	35491299	35497666
SRR12625672.41930524	26226327	16	26226358	89M61S	2048	26224144	63M87H	89	63	26226447	26224206
SRR12625672.42045531	12308295	16	12308361	113M37S	2048	12305001	13H25M112H	113	25	12308474	12305025
SRR12625672.42189794	12259084	16	12259143	79M71S	2048	12108964	71M79H	79	71	12259222	12109034
SRR12625672.42191755	59265546	16	59265611	81M69S	2048	46477732	69M81H	81	69	59265692	46477800
SRR12625672.42219721	74478275	0	74478281	29M121S	2048	58347206	124H22M4H	29	22	74478310	58347227
SRR12625672.42229375	51438504	16	51438555	116M34S	2048	35498094	35M115H	116	35	51438671	35498128
SRR12625672.42493878	79950820	0	79393627	113M37S	2064	79950989	39M111H	113	39	79393740	79951027
SRR12625672.42569176	57298189	16	57298226	105M45S	2048	57297127	21H24M105H	105	24	57298331	57297150
SRR12625672.42605999	11981156	16	11981200	110M40S	2048	11947361	15H25M110H	110	25	11981310	11947385
SRR12625672.42624183	54866204	0	54866220	54M96S	2048	58347206	65H22M63H	54	22	54866274	58347227
SRR12625672.42625354	54866204	0	54866220	51M99S	2048	58347206	65H22M63H	51	22	54866271	58347227
SRR12625672.42646597	37565193	16	37565263	107M43S	2048	37551933	25M125H	107	25	37565370	37551957
SRR12625672.42653020	58671669	2064	58672020	54M96H	256	9280626	21H32M97H	54	32	58672074	9280657
SRR12625672.42659631	77132861	16	77132924	107M43S	2048	77140394	43M107H	107	43	77133031	77140436
SRR12625672.42826693	74478293	0	74478277	33M117S	2064	58347206	93H22M35H	33	22	74478310	58347227
SRR12625672.4409814	65751112	256	8768892	44M106H	2064	65751335	41M109H	44	41	8768936	65751375
SRR12625672.4617959	59265584	16	59265642	94M56S	2048	26503483	56M94H	94	56	59265736	26503538
SRR12625672.462219	74478306	0	74478269	48M102S	2048	58347206	79H22M49H	48	22	74478317	58347227
SRR12625672.4660867	48408899	0	48408871	45M105S	2048	58460398	117H22M11H	45	22	48408916	58460419
SRR12625672.4749911	61894145	16	61894186	89M61S	2048	48261370	62M88H	89	62	61894275	48261431
SRR12625672.489597	79680103	16	79680244	108M42S	2048	80140210	44M106H	108	44	79680352	80140253
SRR12625672.493820	74478224	0	74478228	82M68S	2064	58347206	34H22M94H	82	22	74478310	58347227
SRR12625672.4941287	74478284	0	74478275	37M113S	2048	58347206	57H22M71H	37	22	74478312	58347227
SRR12625672.5018714	59264954	16	59264996	90M60S	2048	59265584	61M89H	90	61	59265086	59265644
SRR12625672.5065939	74478295	0	74478268	45M105S	2048	58347206	66H22M62H	45	22	74478313	58347227
SRR12625672.5094233	37565192	16	37565226	112M38S	2048	37566684	38M112H	112	38	37565338	37566721
SRR12625672.5096179	28176849	0	28176838	81M69S	2048	11998924	73H23M54H	81	23	28176919	11998946
SRR12625672.5113972	37274979	16	37275028	112M38S	2048	37282837	39M111H	112	39	37275140	37282875
SRR12625672.5422233	26232516	16	26232604	91M59S	2048	26226393	61M89H	91	61	26232695	26226453
SRR12625672.543738	12259039	0	12259582	108M42S	2064	12259129	43M107H	108	43	12259690	12259171
SRR12625672.5446117	12259083	272	68327123	50H52M48H	2064	12259173	49M101H	52	49	68327175	12259221
SRR12625672.5463955	59265569	0	59265582	81M69S	2048	58347206	79H22M49H	81	22	59265663	58347227
SRR12625672.5566177	59265588	0	59265592	22S71M57S	2048	59859323	22M128H	71	22	59265663	59859344
SRR12625672.5618188	74478242	0	74478255	55M95S	2048	76493323	54H23M73H	55	23	74478310	76493345
SRR12625672.5739613	74478295	0	74478278	32M118S	2048	54224276	94H22M34H	32	22	74478310	54224297
SRR12625672.5816365	28176866	0	28176832	87M63S	2048	11998924	79H23M48H	87	23	28176919	11998946
SRR12625672.5820081	46334059	16	46334143	82M68S	2048	46401356	14H55M81H	82	55	46334225	46401410
SRR12625672.5892280	74478380	0	74478286	24M126S	2048	58347206	48H22M80H	24	22	74478310	58347227
SRR12625672.5928460	12259019	16	11663465	65S72M13S	2064	12259105	67M83H	72	67	11663537	12259171
SRR12625672.6013175	59265597	0	13723594	116M34S	2064	59265702	35M115H	116	35	13723710	59265736
SRR12625672.6013788	4454862	16	4454951	102M48S	2048	6938670	50M100H	102	50	4455053	6938719
SRR12625672.6095209	46466283	16	46466302	113M37S	2048	46467619	37M113H	113	37	46466415	46467655
SRR12625672.613163	27185339	0	27185308	59M91S	2048	58347206	84H22M44H	59	22	27185367	58347227
SRR12625672.6132311	62523306	0	62523321	56M94S	2048	58460396	65H22M63H	56	22	62523377	58460417
SRR12625672.6159574	13051993	16	13052091	79M71S	2048	11981280	71M79H	79	71	13052170	11981350
SRR12625672.6222587	74478295	16	76493322	28S25M97S	2048	74478289	23M127H	25	23	76493347	74478311
SRR12625672.6428895	74478295	0	74478289	23M127S	2048	11998925	39H22M89H	23	22	74478312	11998946
SRR12625672.6857268	74478300	0	74478269	41M109S	2048	3021172	65H22M63H	41	22	74478310	3021193
SRR12625672.6982973	74478323	0	74478280	32M118S	2048	23959487	104H22M24H	32	22	74478312	23959508
SRR12625672.7036281	74478264	0	74478269	43M107S	2064	58460396	88H22M40H	43	22	74478312	58460417
SRR12625672.707578	76941255	16	76941338	93M57S	2048	76936493	58M92H	93	58	76941431	76936550
SRR12625672.7117012	74478294	0	74478277	33M117S	2064	58347206	68H22M60H	33	22	74478310	58347227
SRR12625672.7147057	74478294	0	74478267	50M100S	2048	3450971	60H22M68H	50	22	74478317	3450992
SRR12625672.7202520	51438518	0	51439600	69M81S	2064	51438685	18H65M67H	69	65	51439669	51438749
SRR12625672.7240384	12259060	0	24250796	79M71S	2064	12259146	73M77H	79	73	24250875	12259218
SRR12625672.7260001	9433980	0	9433989	68M82S	2048	58347206	69H22M59H	68	22	9434057	58347227
SRR12625672.7273237	37274789	16	37274847	97M53S	2048	37275826	15H39M96H	97	39	37274944	37275864
SRR12625672.74040	74478306	0	74478281	29M121S	2048	11998925	94H22M34H	29	22	74478310	11998946
SRR12625672.7629520	37565209	16	37565276	87M63S	272	37074848	85H36M29H	87	36	37565363	37074883
SRR12625672.7653714	74478284	0	74478269	43M107S	2064	58460396	88H22M40H	43	22	74478312	58460417
SRR12625672.7653800	74478284	0	74478269	41M109S	2064	12272150	4H22M124H	41	22	74478310	12272171
SRR12625672.7655113	12259028	16	12259061	109M41S	2048	12854746	25M125H	109	25	12259170	12854770
SRR12625672.7682048	12259019	16	12259057	100M50S	2048	12234659	50M100H	100	50	12259157	12234708
SRR12625672.7900484	57352728	0	57352696	63M87S	256	62422572	37H32M81H	63	32	57352759	62422603
SRR12625672.7986490	59265546	16	59265631	81M69S	2048	59376969	70M80H	81	70	59265712	59377038
SRR12625672.8029662	74627789	0	74627771	65M85S	2048	23959487	61H22M67H	65	22	74627836	23959508
SRR12625672.8119185	3449480	0	3449496	43M107S	2048	58460394	43H22M85H	43	22	3449539	58460415
SRR12625672.8453393	45552392	0	45552411	31M119S	2064	53702310	20H23M107H	31	23	45552442	53702332
SRR12625672.859472	22020167	16	22020222	82M68S	2048	22020815	68M82H	82	68	22020304	22020882
SRR12625672.8608555	2848862	16	2848914	104M46S	2048	2847935	47M103H	104	47	2849018	2847981
SRR12625672.8694775	26226455	2048	26230837	53M97H	2064	26226411	57H41M52H	53	41	26230890	26226451
SRR12625672.8721540	74478244	0	74478237	73M77S	2064	11998924	50H23M77H	73	23	74478310	11998946
SRR12625672.8757232	80109469	0	80109480	46M104S	2048	58347206	71H22M57H	46	22	80109526	58347227
SRR12625672.8861088	45815863	16	45815909	103M47S	2048	11532742	48M102H	103	48	45816012	11532789
SRR12625672.8970649	45063512	0	45063444	29M121S	2048	11998925	54H22M74H	29	22	45063473	11998946
SRR12625672.9119819	23136004	16	23136050	115M35S	2048	49205985	13H22M115H	115	22	23136165	49206006
SRR12625672.9208429	74456513	16	74456563	114M36S	2048	69091803	37M113H	114	37	74456677	69091839
SRR12625672.9373129	57435455	0	57435448	34M116S	2048	58347206	77H22M51H	34	22	57435482	58347227
SRR12625672.9397455	78994579	16	78994614	110M40S	2048	79052635	41M109H	110	41	78994724	79052675
SRR12625672.9497040	74562292	16	74562303	108M42S	2048	74559231	43M107H	108	43	74562411	74559273
SRR12625672.9569339	12254479	0	12254489	28S95M27S	2048	12255724	28M122H	95	28	12254584	12255751
SRR12625672.9614926	76440996	16	76441029	111M39S	2048	76441369	39M111H	111	39	76441140	76441407
SRR12625672.9687228	26226417	0	26226379	35S113M2S	2048	26233567	36M114H	113	36	26226492	26233602
SRR12625672.9765346	65751133	16	65751166	108M42S	2048	65751640	42M108H	108	42	65751274	65751681
SRR12625672.976668	69835532	16	69835579	96M54S	2048	70378116	55M95H	96	55	69835675	70378170
SRR12625672.9781159	65751068	0	64944813	87M63S	2064	65751170	65M85H	87	65	64944900	65751234
SRR12625672.9811569	74478301	0	74478277	35M115S	2064	58347206	93H22M35H	35	22	74478312	58347227
SRR12625672.9929654	78309476	16	78309548	107M43S	2048	77777874	22M128H	107	22	78309655	77777895
SRR12625672.9963752	79397312	0	79396563	98M52S	2064	79397377	52M98H	98	52	79396661	79397428
